-- phpMyAdmin SQL Dump
-- version 5.2.1
-- https://www.phpmyadmin.net/
--
-- Host: localhost
-- Erstellungszeit: 07. Okt 2024 um 12:32
-- Server-Version: 10.4.28-MariaDB
-- PHP-Version: 8.2.4

SET SQL_MODE = "NO_AUTO_VALUE_ON_ZERO";
START TRANSACTION;
SET time_zone = "+00:00";


/*!40101 SET @OLD_CHARACTER_SET_CLIENT=@@CHARACTER_SET_CLIENT */;
/*!40101 SET @OLD_CHARACTER_SET_RESULTS=@@CHARACTER_SET_RESULTS */;
/*!40101 SET @OLD_COLLATION_CONNECTION=@@COLLATION_CONNECTION */;
/*!40101 SET NAMES utf8mb4 */;

--
-- Datenbank: `cps_system`
--
CREATE DATABASE IF NOT EXISTS `cps_system` DEFAULT CHARACTER SET utf8mb4 COLLATE utf8mb4_general_ci;
USE `cps_system`;

-- --------------------------------------------------------

--
-- Tabellenstruktur für Tabelle `berechtigungen`
--

CREATE TABLE `berechtigungen` (
  `ID` int(11) NOT NULL,
  `RFID` varchar(50) DEFAULT NULL
) ENGINE=InnoDB DEFAULT CHARSET=utf8mb4 COLLATE=utf8mb4_general_ci;

--
-- Daten für Tabelle `berechtigungen`
--

INSERT INTO `berechtigungen` (`ID`, `RFID`) VALUES
(1, '93 16 D2 B6');

-- --------------------------------------------------------

--
-- Tabellenstruktur für Tabelle `sensor_daten`
--

CREATE TABLE `sensor_daten` (
  `Daten` int(5) DEFAULT NULL,
  `Zeit` timestamp NOT NULL DEFAULT current_timestamp() ON UPDATE current_timestamp()
) ENGINE=InnoDB DEFAULT CHARSET=utf8mb4 COLLATE=utf8mb4_general_ci;

--
-- Daten für Tabelle `sensor_daten`
--

INSERT INTO `sensor_daten` (`Daten`, `Zeit`) VALUES
(1, '2024-05-08 08:58:54'),
(1, '2024-05-08 08:58:59'),
(1, '2024-05-08 09:01:51'),
(1, '2024-05-08 09:01:56'),
(1, '2024-05-08 09:02:01'),
(1, '2024-05-08 09:02:07'),
(1, '2024-05-08 09:22:34'),
(1, '2024-05-08 09:22:37'),
(1, '2024-05-08 09:22:45'),
(1, '2024-05-08 09:22:49'),
(1, '2024-05-08 09:49:21'),
(1, '2024-05-08 09:50:58'),
(1, '2024-05-08 09:51:42'),
(1, '2024-05-08 09:52:13'),
(1, '2024-05-08 09:53:13'),
(1, '2024-05-08 09:53:16'),
(1, '2024-05-08 09:54:10'),
(1, '2024-05-08 10:00:27'),
(1, '2024-05-08 10:00:55'),
(1, '2024-05-08 10:00:58'),
(1, '2024-05-08 10:01:12'),
(1, '2024-05-08 10:01:16'),
(1, '2024-05-08 10:03:42'),
(1, '2024-05-08 10:05:10'),
(1, '2024-05-08 10:07:02'),
(1, '2024-05-08 10:07:07'),
(1, '2024-05-08 10:07:10'),
(1, '2024-05-08 10:07:14'),
(1, '2024-05-08 10:07:21'),
(1, '2024-05-08 10:07:24'),
(1, '2024-05-08 10:07:30'),
(1, '2024-05-08 10:07:33'),
(1, '2024-05-08 10:08:30'),
(1, '2024-05-08 10:08:35'),
(1, '2024-05-08 10:08:41'),
(1, '2024-05-08 10:08:45'),
(1, '2024-05-08 10:08:50'),
(1, '2024-05-08 10:08:53'),
(1, '2024-05-08 10:08:56'),
(1, '2024-05-08 10:09:01'),
(1, '2024-05-08 10:09:04'),
(1, '2024-05-08 10:09:15'),
(1, '2024-05-08 10:09:19'),
(1, '2024-05-08 10:09:22'),
(1, '2024-05-08 10:09:26'),
(1, '2024-05-08 10:09:31'),
(1, '2024-05-08 10:10:12'),
(1, '2024-05-08 10:10:16'),
(1, '2024-05-08 10:10:19'),
(1, '2024-05-08 10:10:24'),
(1, '2024-05-08 10:10:29'),
(1, '2024-05-08 10:10:34'),
(1, '2024-05-08 10:11:45'),
(1, '2024-05-08 10:11:48'),
(1, '2024-05-08 10:11:55'),
(1, '2024-05-08 10:12:01'),
(1, '2024-05-08 10:12:07'),
(1, '2024-05-08 10:12:10'),
(1, '2024-05-08 10:12:18'),
(1, '2024-05-08 10:12:46'),
(1, '2024-05-08 10:12:56'),
(1, '2024-05-08 10:13:00'),
(1, '2024-05-08 10:13:24'),
(1, '2024-05-08 10:13:28'),
(1, '2024-05-08 10:14:05'),
(1, '2024-05-08 10:14:09'),
(1, '2024-05-08 10:14:18'),
(1, '2024-05-08 10:14:22'),
(1, '2024-05-08 10:14:31'),
(1, '2024-05-08 10:14:40'),
(1, '2024-05-08 10:14:44'),
(1, '2024-05-08 10:14:48'),
(1, '2024-05-08 10:14:55'),
(1, '2024-05-08 10:14:59'),
(1, '2024-05-08 10:15:07'),
(1, '2024-05-08 10:15:15'),
(1, '2024-05-08 10:15:19'),
(1, '2024-05-08 10:15:33'),
(1, '2024-05-08 10:15:36'),
(1, '2024-05-08 10:18:57'),
(1, '2024-05-08 10:19:02'),
(1, '2024-05-08 10:19:06'),
(1, '2024-05-08 10:19:10'),
(1, '2024-05-08 10:19:15'),
(1, '2024-05-08 10:19:18'),
(1, '2024-05-08 10:19:26'),
(1, '2024-05-08 10:19:51'),
(1, '2024-05-08 10:19:54'),
(1, '2024-05-08 10:20:01'),
(1, '2024-05-08 10:28:14'),
(1, '2024-05-08 10:28:17'),
(1, '2024-05-08 10:28:21'),
(1, '2024-05-08 10:30:19'),
(1, '2024-05-08 10:31:14'),
(1, '2024-05-08 10:31:41'),
(1, '2024-05-08 10:31:43'),
(1, '2024-05-08 10:32:32'),
(1, '2024-05-08 10:33:21'),
(1, '2024-05-08 10:33:49'),
(1, '2024-05-08 10:34:13'),
(1, '2024-05-08 10:35:21'),
(1, '2024-05-08 10:35:25'),
(1, '2024-05-08 10:35:39'),
(1, '2024-05-27 07:14:34'),
(1, '2024-05-27 07:14:34'),
(1, '2024-05-27 07:14:34'),
(1, '2024-05-27 07:14:39'),
(1, '2024-05-27 07:24:01'),
(1, '2024-05-27 07:24:05'),
(1, '2024-05-27 07:24:16'),
(1, '2024-05-27 07:24:22'),
(1, '2024-05-27 07:24:27'),
(1, '2024-05-27 07:24:31'),
(1, '2024-05-27 07:24:35'),
(1, '2024-05-27 07:24:38'),
(1, '2024-05-27 07:24:43'),
(1, '2024-05-27 07:24:46'),
(1, '2024-05-27 07:24:53'),
(1, '2024-05-27 07:24:59'),
(1, '2024-05-27 07:25:03'),
(1, '2024-05-27 07:25:07'),
(1, '2024-05-27 07:25:11'),
(1, '2024-05-27 07:25:15'),
(1, '2024-05-27 07:25:20'),
(1, '2024-05-27 07:25:24'),
(1, '2024-05-27 07:25:27'),
(1, '2024-05-27 07:25:39'),
(1, '2024-05-27 07:25:44'),
(1, '2024-05-27 07:25:51'),
(1, '2024-05-27 07:25:54'),
(1, '2024-05-27 07:25:58'),
(1, '2024-05-27 07:26:14'),
(1, '2024-05-27 07:26:20'),
(1, '2024-05-27 07:26:29'),
(1, '2024-05-27 07:26:33'),
(1, '2024-05-27 07:26:38'),
(1, '2024-05-27 07:26:43'),
(1, '2024-05-27 07:26:57'),
(1, '2024-05-27 07:27:00'),
(1, '2024-05-27 07:27:08'),
(1, '2024-05-27 07:27:11'),
(1, '2024-05-27 07:27:14'),
(1, '2024-05-27 07:27:19'),
(1, '2024-05-27 07:27:25'),
(1, '2024-05-27 07:27:41'),
(1, '2024-05-27 07:27:46'),
(1, '2024-05-27 07:27:51'),
(1, '2024-05-27 07:27:55'),
(1, '2024-05-27 07:27:58'),
(1, '2024-05-27 07:28:16'),
(1, '2024-05-27 07:28:30'),
(1, '2024-05-27 07:28:34'),
(1, '2024-05-27 07:28:40'),
(1, '2024-05-27 07:28:44'),
(1, '2024-05-27 07:28:48'),
(1, '2024-05-27 07:28:52'),
(1, '2024-05-27 07:29:00'),
(1, '2024-05-27 07:29:04'),
(1, '2024-05-27 07:29:08'),
(1, '2024-05-27 07:29:12'),
(1, '2024-05-27 07:29:16'),
(1, '2024-05-27 07:29:20'),
(1, '2024-05-27 07:29:24'),
(1, '2024-05-27 07:29:35'),
(1, '2024-05-27 07:29:39'),
(1, '2024-05-27 07:29:56'),
(1, '2024-05-27 07:29:59'),
(1, '2024-05-27 07:30:03'),
(1, '2024-05-27 07:30:07'),
(1, '2024-05-27 07:30:10'),
(1, '2024-05-27 07:30:14'),
(1, '2024-05-27 07:30:18'),
(1, '2024-05-27 07:30:21'),
(1, '2024-05-27 07:30:25'),
(1, '2024-05-27 07:30:29'),
(1, '2024-05-27 07:30:33'),
(1, '2024-05-27 07:30:47'),
(1, '2024-05-27 07:30:50'),
(1, '2024-05-27 07:31:03'),
(1, '2024-05-27 07:31:06'),
(1, '2024-05-27 07:31:10'),
(1, '2024-05-27 07:31:56'),
(1, '2024-05-27 07:32:00'),
(1, '2024-05-27 07:33:09'),
(1, '2024-05-27 07:33:15'),
(1, '2024-05-27 07:33:20'),
(1, '2024-05-27 07:33:24'),
(1, '2024-05-27 07:33:28'),
(1, '2024-05-27 07:33:31'),
(1, '2024-05-27 07:33:37'),
(1, '2024-05-27 07:33:47'),
(1, '2024-05-27 07:33:50'),
(1, '2024-05-27 07:33:59'),
(1, '2024-05-27 07:34:02'),
(1, '2024-05-27 07:34:14'),
(1, '2024-05-27 07:34:19'),
(1, '2024-05-27 07:34:26'),
(1, '2024-05-27 07:35:47'),
(1, '2024-05-27 07:36:14'),
(1, '2024-05-27 07:36:22'),
(1, '2024-05-27 07:36:26'),
(1, '2024-05-27 07:36:35'),
(1, '2024-05-27 07:36:39'),
(1, '2024-05-27 07:36:43'),
(1, '2024-05-27 07:36:47'),
(1, '2024-05-27 07:36:53'),
(1, '2024-05-27 07:36:59'),
(1, '2024-05-27 07:37:06'),
(1, '2024-05-27 07:37:12'),
(1, '2024-05-27 07:37:16'),
(1, '2024-05-27 07:37:19'),
(1, '2024-05-27 07:37:25'),
(1, '2024-05-27 07:37:29'),
(1, '2024-05-27 07:37:40'),
(1, '2024-05-27 07:37:46'),
(1, '2024-05-27 07:37:51'),
(1, '2024-05-27 07:37:54'),
(1, '2024-05-27 07:38:12'),
(1, '2024-05-27 07:38:17'),
(1, '2024-05-27 07:38:46'),
(1, '2024-05-27 07:38:53'),
(1, '2024-05-27 07:38:56'),
(1, '2024-05-27 07:39:04'),
(1, '2024-05-27 07:39:07'),
(1, '2024-05-27 07:39:13'),
(1, '2024-05-27 07:39:17'),
(1, '2024-05-27 07:39:22'),
(1, '2024-05-27 07:39:27'),
(1, '2024-05-27 07:39:32'),
(1, '2024-05-27 07:39:37'),
(1, '2024-05-27 07:39:45'),
(1, '2024-05-27 07:39:50'),
(1, '2024-05-27 07:39:53'),
(1, '2024-05-27 07:39:59'),
(1, '2024-05-27 07:40:20'),
(1, '2024-05-27 07:40:37'),
(1, '2024-05-27 07:40:47'),
(1, '2024-05-27 07:40:57'),
(1, '2024-05-27 07:41:01'),
(1, '2024-05-27 07:41:06'),
(1, '2024-05-27 07:41:09'),
(1, '2024-05-27 07:41:16'),
(1, '2024-05-27 07:41:20'),
(1, '2024-05-27 07:41:32'),
(1, '2024-05-27 07:41:50'),
(1, '2024-05-27 07:41:53'),
(1, '2024-05-27 07:42:03'),
(1, '2024-05-27 07:42:11'),
(1, '2024-05-27 07:42:14'),
(1, '2024-05-27 07:42:17'),
(1, '2024-05-27 07:42:22'),
(1, '2024-05-27 07:42:27'),
(1, '2024-05-27 07:42:30'),
(1, '2024-05-27 07:42:44'),
(1, '2024-05-27 07:42:47'),
(1, '2024-05-27 07:42:51'),
(1, '2024-05-27 07:42:57'),
(1, '2024-05-27 07:43:00'),
(1, '2024-05-27 07:43:06'),
(1, '2024-05-27 07:43:13'),
(1, '2024-05-27 07:43:17'),
(1, '2024-05-27 07:43:23'),
(1, '2024-05-27 07:44:03'),
(1, '2024-05-27 07:44:09'),
(1, '2024-05-27 07:44:15'),
(1, '2024-05-27 07:44:26'),
(1, '2024-05-27 07:44:31'),
(1, '2024-05-27 07:44:37'),
(1, '2024-05-27 07:45:02'),
(1, '2024-05-27 07:45:06'),
(1, '2024-05-27 07:45:09'),
(1, '2024-05-27 07:45:13'),
(1, '2024-05-27 07:45:20'),
(1, '2024-05-27 07:45:26'),
(1, '2024-05-27 07:45:39'),
(1, '2024-05-27 07:45:54'),
(1, '2024-05-27 07:46:11'),
(1, '2024-05-27 07:46:26'),
(1, '2024-05-27 07:46:40'),
(1, '2024-05-27 07:46:43'),
(1, '2024-05-27 07:46:49'),
(1, '2024-05-27 07:46:53'),
(1, '2024-05-27 07:46:57'),
(1, '2024-05-27 07:47:02'),
(1, '2024-05-27 07:47:21'),
(1, '2024-05-27 07:47:37'),
(1, '2024-05-27 07:47:41'),
(1, '2024-05-27 07:47:45'),
(1, '2024-05-27 07:47:50'),
(1, '2024-05-27 07:48:06'),
(1, '2024-05-27 07:48:14'),
(1, '2024-05-27 07:48:27'),
(1, '2024-05-27 07:48:34'),
(1, '2024-05-27 07:48:40'),
(1, '2024-05-27 07:48:45'),
(1, '2024-05-27 07:48:56'),
(1, '2024-05-27 07:49:04'),
(1, '2024-05-27 07:49:09'),
(1, '2024-05-27 07:49:20'),
(1, '2024-05-27 07:49:28'),
(1, '2024-05-27 07:49:32'),
(1, '2024-05-27 07:49:35'),
(1, '2024-05-27 07:49:39'),
(1, '2024-05-27 07:49:43'),
(1, '2024-05-27 07:49:47'),
(1, '2024-05-27 07:49:51'),
(1, '2024-05-27 07:50:00'),
(1, '2024-05-27 07:50:04'),
(1, '2024-05-27 07:50:08'),
(1, '2024-05-27 07:50:14'),
(1, '2024-05-27 07:50:44'),
(1, '2024-05-27 07:50:53'),
(1, '2024-05-27 07:50:57'),
(1, '2024-05-27 07:51:20'),
(1, '2024-05-27 07:51:28'),
(1, '2024-05-27 07:51:36'),
(1, '2024-05-27 07:51:44'),
(1, '2024-05-27 07:51:54'),
(1, '2024-05-27 07:52:07'),
(1, '2024-05-27 07:52:18'),
(1, '2024-05-27 07:52:22'),
(1, '2024-05-27 07:52:27'),
(1, '2024-05-27 07:52:32'),
(1, '2024-05-27 07:52:37'),
(1, '2024-05-27 07:52:40'),
(1, '2024-05-27 07:52:53'),
(1, '2024-05-27 07:52:57'),
(1, '2024-05-27 07:53:01'),
(1, '2024-05-27 07:53:04'),
(1, '2024-05-27 07:53:09'),
(1, '2024-05-27 07:53:17'),
(1, '2024-05-27 07:53:20'),
(1, '2024-05-27 07:53:44'),
(1, '2024-05-27 08:03:27'),
(1, '2024-05-27 08:03:34'),
(1, '2024-05-27 08:03:47'),
(1, '2024-05-27 08:03:51'),
(1, '2024-05-27 08:03:55'),
(1, '2024-05-27 08:03:59'),
(1, '2024-05-27 08:04:08'),
(1, '2024-05-27 08:04:12'),
(1, '2024-05-27 08:04:24'),
(1, '2024-05-27 08:04:29'),
(1, '2024-05-27 08:04:33'),
(1, '2024-05-27 08:04:37'),
(1, '2024-05-27 08:04:43'),
(1, '2024-05-27 08:04:54'),
(1, '2024-05-27 08:05:08'),
(1, '2024-05-27 08:05:14'),
(1, '2024-05-27 08:05:23'),
(1, '2024-05-27 08:05:28'),
(1, '2024-05-27 08:05:32'),
(1, '2024-05-27 08:05:37'),
(1, '2024-05-27 08:05:40'),
(1, '2024-05-27 08:05:43'),
(1, '2024-05-27 08:05:57'),
(1, '2024-05-27 08:06:02'),
(1, '2024-05-27 08:06:06'),
(1, '2024-05-27 08:06:12'),
(1, '2024-05-27 08:06:16'),
(1, '2024-05-27 08:06:20'),
(1, '2024-05-27 08:06:26'),
(1, '2024-05-27 08:06:30'),
(1, '2024-05-27 08:06:39'),
(1, '2024-05-27 08:06:48'),
(1, '2024-05-27 08:07:24'),
(1, '2024-05-27 08:07:31'),
(1, '2024-05-27 08:07:34'),
(1, '2024-05-27 08:07:39'),
(1, '2024-05-27 08:08:00'),
(1, '2024-05-27 08:08:03'),
(1, '2024-05-27 08:08:08'),
(1, '2024-05-27 08:08:11'),
(1, '2024-05-27 08:08:15'),
(1, '2024-05-27 08:08:31'),
(1, '2024-05-27 08:08:39'),
(1, '2024-05-27 08:08:44'),
(1, '2024-05-27 08:08:47'),
(1, '2024-05-27 08:09:03'),
(1, '2024-05-27 08:09:06'),
(1, '2024-05-27 08:09:10'),
(1, '2024-05-27 08:09:13'),
(1, '2024-05-27 08:09:18'),
(1, '2024-05-27 08:09:29'),
(1, '2024-05-27 08:09:38'),
(1, '2024-05-27 08:09:41'),
(1, '2024-05-27 08:09:54'),
(1, '2024-05-27 08:10:42'),
(1, '2024-05-27 08:11:32'),
(1, '2024-05-27 08:11:38'),
(1, '2024-05-27 08:11:42'),
(1, '2024-05-27 08:11:45'),
(1, '2024-05-27 08:18:02'),
(1, '2024-05-27 08:19:04'),
(1, '2024-05-27 08:19:08'),
(1, '2024-05-27 08:19:11'),
(1, '2024-05-27 08:20:58'),
(1, '2024-05-27 08:23:50'),
(1, '2024-05-27 08:23:54'),
(1, '2024-05-27 08:23:58'),
(1, '2024-05-27 08:24:02'),
(1, '2024-05-27 08:24:20'),
(1, '2024-05-27 08:24:26'),
(1, '2024-05-27 08:24:29'),
(1, '2024-05-27 08:24:33'),
(1, '2024-05-27 08:24:37'),
(1, '2024-05-27 08:24:40'),
(1, '2024-05-27 08:24:50'),
(1, '2024-05-27 08:24:57'),
(1, '2024-05-27 08:25:01'),
(1, '2024-05-27 08:25:04'),
(1, '2024-05-27 08:25:08'),
(1, '2024-05-27 08:25:11'),
(1, '2024-05-27 08:25:15'),
(1, '2024-05-27 08:25:19'),
(1, '2024-05-27 08:25:23'),
(1, '2024-05-27 08:25:27'),
(1, '2024-05-27 08:25:31'),
(1, '2024-05-27 08:25:36'),
(1, '2024-05-27 08:25:43'),
(1, '2024-05-27 08:25:49'),
(1, '2024-05-27 08:25:56'),
(1, '2024-05-27 08:26:04'),
(1, '2024-05-27 08:26:10'),
(1, '2024-05-27 08:26:19'),
(1, '2024-05-27 08:26:27'),
(1, '2024-05-27 08:26:31'),
(1, '2024-05-27 08:26:43'),
(1, '2024-05-27 08:26:50'),
(1, '2024-05-27 08:26:58'),
(1, '2024-05-27 08:27:02'),
(1, '2024-05-27 08:27:05'),
(1, '2024-05-27 08:27:10'),
(1, '2024-05-27 08:27:14'),
(1, '2024-05-27 08:27:19'),
(1, '2024-05-27 08:27:22'),
(1, '2024-05-27 08:27:41'),
(1, '2024-05-27 08:27:44'),
(1, '2024-05-27 08:28:21'),
(1, '2024-05-27 08:28:33'),
(1, '2024-05-27 08:28:38'),
(1, '2024-05-27 08:28:47'),
(1, '2024-05-27 08:28:53'),
(1, '2024-05-27 08:28:59'),
(1, '2024-05-27 08:29:05'),
(1, '2024-05-27 08:29:11'),
(1, '2024-05-27 08:29:35'),
(1, '2024-05-27 08:29:38'),
(1, '2024-05-27 08:29:47'),
(1, '2024-05-27 08:29:54'),
(1, '2024-05-27 08:30:01'),
(1, '2024-05-27 08:30:06'),
(1, '2024-05-27 08:30:10'),
(1, '2024-05-27 08:30:29'),
(1, '2024-05-27 08:30:33'),
(1, '2024-05-27 08:30:59'),
(1, '2024-05-27 08:31:02'),
(1, '2024-05-27 08:31:14'),
(1, '2024-05-27 08:31:18'),
(1, '2024-05-27 08:31:24'),
(1, '2024-05-27 08:31:28'),
(1, '2024-05-27 08:31:31'),
(1, '2024-05-27 08:31:37'),
(1, '2024-05-27 08:31:41'),
(1, '2024-05-27 08:31:44'),
(1, '2024-05-27 08:31:48'),
(1, '2024-05-27 08:31:51'),
(1, '2024-05-27 08:31:54'),
(1, '2024-05-27 08:32:05'),
(1, '2024-05-27 08:32:15'),
(1, '2024-05-27 08:32:19'),
(1, '2024-05-27 08:32:23'),
(1, '2024-05-27 08:32:31'),
(1, '2024-05-27 08:32:35'),
(1, '2024-05-27 08:32:39'),
(1, '2024-05-27 08:32:42'),
(1, '2024-05-27 08:32:47'),
(1, '2024-05-27 08:32:51'),
(1, '2024-05-27 08:32:54'),
(1, '2024-05-27 08:32:58'),
(1, '2024-05-27 08:33:04'),
(1, '2024-05-27 08:33:09'),
(1, '2024-05-27 08:33:16'),
(1, '2024-05-27 08:33:28'),
(1, '2024-05-27 08:33:32'),
(1, '2024-05-27 08:33:39'),
(1, '2024-05-27 08:33:47'),
(1, '2024-05-27 08:33:54'),
(1, '2024-05-27 08:33:58'),
(1, '2024-05-27 08:34:03'),
(1, '2024-05-27 08:34:08'),
(1, '2024-05-27 08:34:22'),
(1, '2024-05-27 08:34:27'),
(1, '2024-05-27 08:34:41'),
(1, '2024-05-27 08:34:52'),
(1, '2024-05-27 08:35:08'),
(1, '2024-05-27 08:35:14'),
(1, '2024-05-27 08:35:29'),
(1, '2024-05-27 08:35:33'),
(1, '2024-05-27 08:35:37'),
(1, '2024-05-27 08:35:44'),
(1, '2024-05-27 08:35:47'),
(1, '2024-05-27 08:35:51'),
(1, '2024-05-27 08:36:04'),
(1, '2024-05-27 08:36:11'),
(1, '2024-05-27 08:36:16'),
(1, '2024-05-27 08:36:20'),
(1, '2024-05-27 08:36:29'),
(1, '2024-05-27 08:36:32'),
(1, '2024-05-27 08:36:36'),
(1, '2024-05-27 08:36:40'),
(1, '2024-05-27 08:36:44'),
(1, '2024-05-27 08:36:48'),
(1, '2024-05-27 08:36:52'),
(1, '2024-05-27 08:36:57'),
(1, '2024-05-27 08:37:02'),
(1, '2024-05-27 08:37:06'),
(1, '2024-05-27 08:37:13'),
(1, '2024-05-27 08:37:17'),
(1, '2024-05-27 08:37:24'),
(1, '2024-05-27 08:37:29'),
(1, '2024-05-27 08:37:33'),
(1, '2024-05-27 08:37:38'),
(1, '2024-05-27 08:37:42'),
(1, '2024-05-27 08:37:45'),
(1, '2024-05-27 08:37:49'),
(1, '2024-05-27 08:37:52'),
(1, '2024-05-27 08:37:56'),
(1, '2024-05-27 08:38:00'),
(1, '2024-05-27 08:38:03'),
(1, '2024-05-27 08:38:08'),
(1, '2024-05-27 08:38:15'),
(1, '2024-05-27 08:38:19'),
(1, '2024-05-27 08:38:24'),
(1, '2024-05-27 08:38:28'),
(1, '2024-05-27 08:38:32'),
(1, '2024-05-27 08:38:38'),
(1, '2024-05-27 08:38:41'),
(1, '2024-05-27 08:38:44'),
(1, '2024-05-27 08:38:50'),
(1, '2024-05-27 08:38:54'),
(1, '2024-05-27 08:38:58'),
(1, '2024-05-27 08:39:03'),
(1, '2024-05-27 08:39:08'),
(1, '2024-05-27 08:39:11'),
(1, '2024-05-27 08:39:15'),
(1, '2024-05-27 08:39:18'),
(1, '2024-05-27 08:39:21'),
(1, '2024-05-27 08:39:25'),
(1, '2024-05-27 08:39:28'),
(1, '2024-05-27 08:39:34'),
(1, '2024-05-27 08:39:37'),
(1, '2024-05-27 08:39:42'),
(1, '2024-05-27 08:39:46'),
(1, '2024-05-27 08:39:50'),
(1, '2024-05-27 08:39:53'),
(1, '2024-05-27 08:39:57'),
(1, '2024-05-27 08:40:01'),
(1, '2024-05-27 08:40:05'),
(1, '2024-05-27 08:40:09'),
(1, '2024-05-27 08:40:20'),
(1, '2024-05-27 08:40:24'),
(1, '2024-05-27 08:40:28'),
(1, '2024-05-27 08:40:32'),
(1, '2024-05-27 08:40:36'),
(1, '2024-05-27 08:40:41'),
(1, '2024-05-27 08:40:44'),
(1, '2024-05-27 08:41:16'),
(1, '2024-05-27 08:41:21'),
(1, '2024-05-27 08:41:33'),
(1, '2024-05-27 08:41:37'),
(1, '2024-05-27 08:42:51'),
(1, '2024-05-27 08:42:55'),
(1, '2024-05-27 08:43:01'),
(1, '2024-05-27 08:43:05'),
(1, '2024-05-27 08:43:11'),
(1, '2024-05-27 08:43:15'),
(1, '2024-05-27 08:43:20'),
(1, '2024-05-27 08:43:24'),
(1, '2024-05-27 08:43:28'),
(1, '2024-05-27 08:45:08'),
(1, '2024-05-27 08:47:38'),
(1, '2024-05-27 08:47:42'),
(1, '2024-05-27 08:49:34'),
(1, '2024-05-27 08:49:37'),
(1, '2024-05-27 08:49:42'),
(1, '2024-05-27 08:49:46'),
(1, '2024-05-27 08:49:52'),
(1, '2024-05-27 08:49:56'),
(1, '2024-05-29 07:57:49'),
(1, '2024-05-29 07:57:49'),
(1, '2024-05-29 07:57:49'),
(1, '2024-05-29 07:57:55'),
(1, '2024-05-29 07:57:59'),
(1, '2024-05-29 07:58:03'),
(1, '2024-05-29 07:58:07'),
(1, '2024-05-29 07:58:11'),
(1, '2024-05-29 07:58:14'),
(1, '2024-05-29 07:58:33'),
(1, '2024-05-29 07:58:42'),
(1, '2024-05-29 07:58:47'),
(1, '2024-05-29 07:58:52'),
(1, '2024-05-29 07:58:59'),
(1, '2024-05-29 07:59:03'),
(1, '2024-05-29 07:59:13'),
(1, '2024-05-29 07:59:16'),
(1, '2024-05-29 07:59:31'),
(1, '2024-05-29 07:59:37'),
(1, '2024-05-29 07:59:41'),
(1, '2024-05-29 07:59:44'),
(1, '2024-05-29 07:59:48'),
(1, '2024-05-29 07:59:53'),
(1, '2024-05-29 07:59:57'),
(1, '2024-05-29 08:00:00'),
(1, '2024-05-29 08:00:04'),
(1, '2024-05-29 08:00:09'),
(1, '2024-05-29 08:00:13'),
(1, '2024-05-29 08:00:16'),
(1, '2024-05-29 08:00:27'),
(1, '2024-05-29 08:00:32'),
(1, '2024-05-29 08:00:37'),
(1, '2024-05-29 08:00:46'),
(1, '2024-05-29 08:00:50'),
(1, '2024-05-29 08:02:01'),
(1, '2024-05-29 08:02:06'),
(1, '2024-05-29 08:02:10'),
(1, '2024-05-29 08:02:21'),
(1, '2024-05-29 08:02:28'),
(1, '2024-05-29 08:02:33'),
(1, '2024-05-29 08:02:37'),
(1, '2024-05-29 08:02:43'),
(1, '2024-05-29 08:02:47'),
(1, '2024-05-29 08:02:50'),
(1, '2024-05-29 08:02:53'),
(1, '2024-05-29 08:02:59'),
(1, '2024-05-29 08:03:04'),
(1, '2024-05-29 08:03:08'),
(1, '2024-05-29 08:03:13'),
(1, '2024-05-29 08:03:18'),
(1, '2024-05-29 08:03:21'),
(1, '2024-05-29 08:03:26'),
(1, '2024-05-29 08:03:32'),
(1, '2024-05-29 08:03:36'),
(1, '2024-05-29 08:03:41'),
(1, '2024-05-29 08:03:45'),
(1, '2024-05-29 08:03:48'),
(1, '2024-05-29 08:03:56'),
(1, '2024-05-29 08:08:11'),
(1, '2024-05-29 08:08:16'),
(1, '2024-05-29 08:08:19'),
(1, '2024-05-29 08:08:22'),
(1, '2024-05-29 08:08:26'),
(1, '2024-05-29 08:08:30'),
(1, '2024-05-29 08:08:39'),
(1, '2024-05-29 08:08:42'),
(1, '2024-05-29 08:08:49'),
(1, '2024-05-29 08:08:53'),
(1, '2024-05-29 08:09:01'),
(1, '2024-05-29 08:09:06'),
(1, '2024-05-29 08:09:17'),
(1, '2024-05-29 08:09:20'),
(1, '2024-05-29 08:09:25'),
(1, '2024-05-29 08:09:32'),
(1, '2024-05-29 08:09:36'),
(1, '2024-05-29 08:09:41'),
(1, '2024-05-29 08:09:45'),
(1, '2024-05-29 08:10:03'),
(1, '2024-05-29 08:10:07'),
(1, '2024-05-29 08:10:14'),
(1, '2024-05-29 08:10:18'),
(1, '2024-05-29 08:10:24'),
(1, '2024-05-29 08:10:28'),
(1, '2024-05-29 08:10:36'),
(1, '2024-05-29 08:10:41'),
(1, '2024-05-29 08:10:46'),
(1, '2024-05-29 08:10:49'),
(1, '2024-05-29 08:10:53'),
(1, '2024-05-29 08:11:01'),
(1, '2024-05-29 08:11:05'),
(1, '2024-05-29 08:11:09'),
(1, '2024-05-29 08:11:12'),
(1, '2024-05-29 08:11:15'),
(1, '2024-05-29 08:11:26'),
(1, '2024-05-29 08:11:37'),
(1, '2024-05-29 08:11:47'),
(1, '2024-05-29 08:11:54'),
(1, '2024-05-29 08:11:58'),
(1, '2024-05-29 08:12:04'),
(1, '2024-05-29 08:12:08'),
(1, '2024-05-29 08:12:13'),
(1, '2024-05-29 08:12:17'),
(1, '2024-05-29 08:12:21'),
(1, '2024-05-29 08:12:24'),
(1, '2024-05-29 08:12:30'),
(1, '2024-05-29 08:12:34'),
(1, '2024-05-29 08:12:38'),
(1, '2024-05-29 08:12:42'),
(1, '2024-05-29 08:12:46'),
(1, '2024-05-29 08:12:50'),
(1, '2024-05-29 08:12:53'),
(1, '2024-05-29 08:13:03'),
(1, '2024-05-29 08:13:07'),
(1, '2024-05-29 08:13:12'),
(1, '2024-05-29 08:13:15'),
(1, '2024-05-29 08:13:19'),
(1, '2024-05-29 08:13:23'),
(1, '2024-05-29 08:13:30'),
(1, '2024-05-29 08:13:34'),
(1, '2024-05-29 08:13:37'),
(1, '2024-05-29 08:13:46'),
(1, '2024-05-29 08:13:49'),
(1, '2024-05-29 08:13:58'),
(1, '2024-05-29 08:14:18'),
(1, '2024-05-29 08:14:21'),
(1, '2024-05-29 08:14:25'),
(1, '2024-05-29 08:14:32'),
(1, '2024-05-29 08:14:35'),
(1, '2024-05-29 08:14:40'),
(1, '2024-05-29 08:14:44'),
(1, '2024-05-29 08:14:48'),
(1, '2024-05-29 08:14:51'),
(1, '2024-05-29 08:15:15'),
(1, '2024-05-29 08:15:19'),
(1, '2024-05-29 08:15:23'),
(1, '2024-05-29 08:17:16'),
(1, '2024-05-29 08:18:46'),
(1, '2024-05-29 08:18:49'),
(1, '2024-05-29 08:18:54'),
(1, '2024-05-29 08:19:13'),
(1, '2024-05-29 08:19:40'),
(1, '2024-05-29 08:23:28'),
(1, '2024-05-29 08:23:32'),
(1, '2024-05-29 08:23:35'),
(1, '2024-05-29 08:23:40');

-- --------------------------------------------------------

--
-- Tabellenstruktur für Tabelle `zugriffe`
--

CREATE TABLE `zugriffe` (
  `Zustand` varchar(50) DEFAULT NULL,
  `User` varchar(50) DEFAULT NULL,
  `Zeitstempel` timestamp NOT NULL DEFAULT current_timestamp() ON UPDATE current_timestamp(),
  `Genehmigung` varchar(50) DEFAULT NULL
) ENGINE=InnoDB DEFAULT CHARSET=utf8mb4 COLLATE=utf8mb4_general_ci;

--
-- Daten für Tabelle `zugriffe`
--

INSERT INTO `zugriffe` (`Zustand`, `User`, `Zeitstempel`, `Genehmigung`) VALUES
(' System Deaktiviert', 'RFID UID:  93 16 D2 B6 ', '2024-05-08 08:58:56', NULL),
(' System Aktiviert', 'RFID UID:  93 16 D2 B6 ', '2024-05-08 08:58:58', NULL),
(' System Deaktiviert', 'RFID UID:  13 E7 91 FC ', '2024-05-08 09:01:53', NULL),
(' System Aktiviert', 'RFID UID:  13 E7 91 FC ', '2024-05-08 09:01:55', NULL),
(' System Deaktiviert', 'RFID UID:  13 E7 91 FC ', '2024-05-08 09:22:40', NULL),
(' System Aktiviert', 'RFID UID:  13 E7 91 FC ', '2024-05-08 09:22:42', NULL),
(' Anfrage Zustandsänderung', 'RFID UID:  13 E7 91 FC', '2024-05-08 10:07:04', 'Zugriff erlaubt'),
(' Anfrage Zustandsänderung', 'RFID UID:  13 E7 91 FC', '2024-05-08 10:07:07', 'Zugriff erlaubt'),
(' Anfrage Zustandsänderung', 'RFID UID:  93 16 D2 B6', '2024-05-08 10:07:16', 'Zugriff nicht erlaubt'),
(' Anfrage Zustandsänderung', 'RFID UID:  93 16 D2 B6', '2024-05-08 10:07:20', 'Zugriff nicht erlaubt'),
(' Anfrage Zustandsänderung', 'RFID UID:  93 16 D2 B6', '2024-05-08 10:07:26', 'Zugriff nicht erlaubt'),
(' Anfrage Zustandsänderung', 'RFID UID:  13 E7 91 FC', '2024-05-08 10:08:32', 'Zugriff erlaubt'),
(' Anfrage Zustandsänderung', 'RFID UID:  13 E7 91 FC', '2024-05-08 10:08:35', 'Zugriff erlaubt'),
(' Anfrage Zustandsänderung', 'RFID UID:  93 16 D2 B6', '2024-05-08 10:08:37', 'Zugriff nicht erlaubt'),
(' Anfrage Zustandsänderung', 'RFID UID:  13 E7 91 FC', '2024-05-08 10:10:14', 'Zugriff erlaubt'),
(' Anfrage Zustandsänderung', 'RFID UID:  13 E7 91 FC', '2024-05-08 10:10:16', 'Zugriff erlaubt'),
(' Anfrage Zustandsänderung', 'RFID UID:  93 16 D2 B6', '2024-05-08 10:10:22', 'Zugriff nicht erlaubt'),
(' Anfrage Zustandsänderung', 'RFID UID:  93 16 D2 B6', '2024-05-08 10:10:23', 'Zugriff nicht erlaubt'),
(' Anfrage Zustandsänderung', 'RFID UID:  13 E7 91 FC', '2024-05-08 10:10:26', 'Zugriff erlaubt'),
(' Anfrage Zustandsänderung', 'RFID UID:  13 E7 91 FC', '2024-05-08 10:10:29', 'Zugriff erlaubt'),
(' Anfrage Zustandsänderung', 'RFID UID:  13 E7 91 FC', '2024-05-08 10:11:50', 'Zugriff erlaubt'),
(' Anfrage Zustandsänderung', 'RFID UID:  13 E7 91 FC', '2024-05-08 10:11:52', 'Zugriff erlaubt'),
(' Anfrage Zustandsänderung', 'RFID UID:  93 16 D2 B6', '2024-05-08 10:11:58', 'Zugriff nicht erlaubt'),
(' Anfrage Zustandsänderung', 'RFID UID:  93 16 D2 B6', '2024-05-08 10:11:59', 'Zugriff nicht erlaubt'),
(' Anfrage Zustandsänderung', 'RFID UID:  93 16 D2 B6', '2024-05-08 10:12:00', 'Zugriff nicht erlaubt'),
(' Anfrage Zustandsänderung', 'RFID UID:  93 16 D2 B6', '2024-05-08 10:12:01', 'Zugriff nicht erlaubt'),
(' Anfrage Zustandsänderung', 'RFID UID:  13 E7 91 FC', '2024-05-08 10:12:04', 'Zugriff erlaubt'),
(' Anfrage Zustandsänderung', 'RFID UID:  13 E7 91 FC', '2024-05-08 10:12:05', 'Zugriff erlaubt'),
(' Anfrage Zustandsänderung', 'RFID UID:  13 E7 91 FC', '2024-05-08 10:12:06', 'Zugriff erlaubt'),
(' Anfrage Zustandsänderung', 'RFID UID:  13 E7 91 FC', '2024-05-08 10:12:06', 'Zugriff erlaubt'),
(' Anfrage Zustandsänderung', 'RFID UID:  13 E7 91 FC', '2024-05-08 10:12:07', 'Zugriff erlaubt'),
(' Anfrage Zustandsänderung', 'RFID UID:  13 E7 91 FC', '2024-05-08 10:12:07', 'Zugriff erlaubt'),
(' Anfrage Zustandsänderung', 'RFID UID:  13 E7 91 FC', '2024-05-08 10:18:14', 'Zugriff erlaubt'),
(' Anfrage Zustandsänderung', 'RFID UID:  13 E7 91 FC', '2024-05-08 10:18:16', 'Zugriff erlaubt'),
(' Anfrage Zustandsänderung', 'RFID UID:  93 16 D2 B6', '2024-05-08 10:18:18', 'Zugriff nicht erlaubt'),
(' Anfrage Zustandsänderung', 'RFID UID:  93 16 D2 B6', '2024-05-08 10:18:20', 'Zugriff nicht erlaubt'),
(' Anfrage Zustandsänderung', 'RFID UID:  93 16 D2 B6', '2024-05-08 10:18:21', 'Zugriff nicht erlaubt'),
(' Anfrage Zustandsänderung', 'RFID UID:  93 16 D2 B6', '2024-05-08 10:18:22', 'Zugriff nicht erlaubt'),
(' Anfrage Zustandsänderung', 'RFID UID:  13 E7 91 FC', '2024-05-08 10:18:25', 'Zugriff erlaubt'),
(' Anfrage Zustandsänderung', 'RFID UID:  13 E7 91 FC', '2024-05-08 10:18:28', 'Zugriff erlaubt'),
(' Anfrage Zustandsänderung', 'RFID UID:  13 E7 91 FC', '2024-05-08 10:18:29', 'Zugriff erlaubt'),
(' Anfrage Zustandsänderung', 'RFID UID:  13 E7 91 FC', '2024-05-08 10:18:30', 'Zugriff erlaubt'),
(' Anfrage Zustandsänderung', 'RFID UID:  13 E7 91 FC', '2024-05-08 10:18:31', 'Zugriff erlaubt'),
(' Anfrage Zustandsänderung', 'RFID UID:  13 E7 91 FC', '2024-05-08 10:18:34', 'Zugriff erlaubt'),
(' Anfrage Zustandsänderung', 'RFID UID:  13 E7 91 FC', '2024-05-08 10:18:35', 'Zugriff erlaubt'),
(' Anfrage Zustandsänderung', 'RFID UID:  13 E7 91 FC', '2024-05-08 10:18:36', 'Zugriff erlaubt'),
(' Anfrage Zustandsänderung', 'RFID UID:  13 E7 91 FC', '2024-05-08 10:18:36', 'Zugriff erlaubt'),
(' Anfrage Zustandsänderung', 'RFID UID:  13 E7 91 FC', '2024-05-08 10:18:37', 'Zugriff erlaubt'),
(' Anfrage Zustandsänderung', 'RFID UID:  13 E7 91 FC', '2024-05-08 10:18:37', 'Zugriff erlaubt'),
(' Anfrage Zustandsänderung', 'RFID UID:  13 E7 91 FC', '2024-05-08 10:18:38', 'Zugriff erlaubt'),
(' Anfrage Zustandsänderung', 'RFID UID:  13 E7 91 FC', '2024-05-08 10:18:38', 'Zugriff erlaubt'),
(' Anfrage Zustandsänderung', 'RFID UID:  13 E7 91 FC', '2024-05-08 10:18:39', 'Zugriff erlaubt'),
(' Anfrage Zustandsänderung', 'RFID UID:  13 E7 91 FC', '2024-05-08 10:18:39', 'Zugriff erlaubt'),
(' Anfrage Zustandsänderung', 'RFID UID:  13 E7 91 FC', '2024-05-08 10:18:39', 'Zugriff erlaubt'),
(' Anfrage Zustandsänderung', 'RFID UID:  13 E7 91 FC', '2024-05-08 10:18:40', 'Zugriff erlaubt'),
(' Anfrage Zustandsänderung', 'RFID UID:  13 E7 91 FC', '2024-05-08 10:18:40', 'Zugriff erlaubt'),
(' Anfrage Zustandsänderung', 'RFID UID:  13 E7 91 FC', '2024-05-08 10:18:40', 'Zugriff erlaubt'),
(' Anfrage Zustandsänderung', 'RFID UID:  13 E7 91 FC', '2024-05-08 10:18:53', 'Zugriff erlaubt'),
(' Anfrage Zustandsänderung', 'RFID UID:  93 16 D2 B6', '2024-05-08 10:19:14', 'Zugriff nicht erlaubt'),
(' Anfrage Zustandsänderung', 'RFID UID:  93 16 D2 B6', '2024-05-08 10:19:20', 'Zugriff nicht erlaubt'),
(' Anfrage Zustandsänderung', 'RFID UID:  93 16 D2 B6', '2024-05-08 10:19:53', 'Zugriff nicht erlaubt'),
(' Anfrage Zustandsänderung', 'RFID UID:  93 16 D2 B6', '2024-05-08 10:19:54', 'Zugriff nicht erlaubt'),
(' Anfrage Zustandsänderung', 'RFID UID:  13 E7 91 FC', '2024-05-08 10:19:56', 'Zugriff erlaubt'),
(' Anfrage Zustandsänderung', 'RFID UID:  13 E7 91 FC', '2024-05-08 10:19:57', 'Zugriff erlaubt'),
(' Anfrage Zustandsänderung', 'RFID UID:  13 E7 91 FC', '2024-05-08 10:28:16', 'Zugriff erlaubt'),
(' Anfrage Zustandsänderung', 'RFID UID:  13 E7 91 FC', '2024-05-08 10:28:16', 'Zugriff erlaubt'),
(' Anfrage Zustandsänderung', 'RFID UID:  13 E7 91 FC', '2024-05-08 10:28:23', 'Zugriff erlaubt'),
(' Anfrage Zustandsänderung', 'RFID UID:  93 16 D2 B6', '2024-05-08 10:28:25', 'Zugriff nicht erlaubt'),
(' Anfrage Zustandsänderung', 'RFID UID:  93 16 D2 B6', '2024-05-08 10:28:28', 'Zugriff nicht erlaubt'),
(' Anfrage Zustandsänderung', 'RFID UID:  93 16 D2 B6', '2024-05-08 10:28:30', 'Zugriff nicht erlaubt'),
(' Anfrage Zustandsänderung', 'RFID UID:  93 16 D2 B6', '2024-05-08 10:28:30', 'Zugriff nicht erlaubt'),
(' Anfrage Zustandsänderung', 'RFID UID:  13 E7 91 FC', '2024-05-08 10:30:21', 'Zugriff erlaubt'),
(' Anfrage Zustandsänderung', 'RFID UID:  13 E7 91 FC', '2024-05-08 10:30:24', 'Zugriff erlaubt'),
(' Anfrage Zustandsänderung', 'RFID UID:  13 E7 91 FC', '2024-05-08 10:30:25', 'Zugriff erlaubt'),
(' Anfrage Zustandsänderung', 'RFID UID:  93 16 D2 B6', '2024-05-08 10:30:28', 'Zugriff nicht erlaubt'),
(' Anfrage Zustandsänderung', 'RFID UID:  93 16 D2 B6', '2024-05-08 10:30:29', 'Zugriff nicht erlaubt'),
(' Anfrage Zustandsänderung', 'RFID UID:  93 16 D2 B6', '2024-05-08 10:30:30', 'Zugriff nicht erlaubt'),
(' Anfrage Zustandsänderung', 'RFID UID:  93 16 D2 B6', '2024-05-08 10:30:30', 'Zugriff nicht erlaubt'),
(' Anfrage Zustandsänderung', 'RFID UID:  13 E7 91 FC', '2024-05-08 10:31:46', 'Zugriff erlaubt'),
(' Anfrage Zustandsänderung', 'RFID UID:  13 E7 91 FC', '2024-05-08 10:31:47', 'Zugriff erlaubt'),
(' Anfrage Zustandsänderung', 'RFID UID:  13 E7 91 FC', '2024-05-08 10:31:48', 'Zugriff erlaubt'),
(' Anfrage Zustandsänderung', 'RFID UID:  93 16 D2 B6', '2024-05-08 10:31:51', 'Zugriff nicht erlaubt'),
(' Anfrage Zustandsänderung', 'RFID UID:  93 16 D2 B6', '2024-05-08 10:31:52', 'Zugriff nicht erlaubt'),
(' Anfrage Zustandsänderung', 'RFID UID:  13 E7 91 FC', '2024-05-08 10:32:35', 'Zugriff erlaubt'),
(' Anfrage Zustandsänderung', 'RFID UID:  93 16 D2 B6', '2024-05-08 10:32:38', 'Zugriff nicht erlaubt'),
(' Anfrage Zustandsänderung', 'RFID UID:  13 E7 91 FC', '2024-05-08 10:33:24', 'Zugriff erlaubt'),
(' Anfrage Zustandsänderung', 'RFID UID:  93 16 D2 B6', '2024-05-08 10:33:27', 'Zugriff nicht erlaubt'),
(' Anfrage Zustandsänderung', 'RFID UID:  93 16 D2 B6', '2024-05-08 10:33:31', 'Zugriff nicht erlaubt'),
(' Anfrage Zustandsänderung', 'RFID UID:  93 16 D2 B6', '2024-05-08 10:33:32', 'Zugriff nicht erlaubt'),
(' Anfrage Zustandsänderung', 'RFID UID:  93 16 D2 B6', '2024-05-08 10:33:32', 'Zugriff nicht erlaubt'),
(' Anfrage Zustandsänderung', 'RFID UID:  93 16 D2 B6', '2024-05-08 10:33:34', 'Zugriff nicht erlaubt'),
(' Anfrage Zustandsänderung', 'RFID UID:  93 16 D2 B6', '2024-05-08 10:33:35', 'Zugriff nicht erlaubt'),
(' Anfrage Zustandsänderung', 'RFID UID:  93 16 D2 B6', '2024-05-08 10:33:35', 'Zugriff nicht erlaubt'),
(' Anfrage Zustandsänderung', 'RFID UID:  13 E7 91 FC', '2024-05-08 10:34:16', 'Zugriff erlaubt'),
(' Anfrage Zustandsänderung', 'RFID UID:  93 16 D2 B6', '2024-05-08 10:34:19', 'Zugriff nicht erlaubt'),
(' Anfrage Zustandsänderung', 'RFID UID:  93 16 D2 B6', '2024-05-08 10:34:27', 'Zugriff nicht erlaubt'),
(' Anfrage Zustandsänderung', 'RFID UID:  93 16 D2 B6', '2024-05-08 10:34:28', 'Zugriff nicht erlaubt'),
(' Anfrage Zustandsänderung', 'RFID UID:  13 E7 91 FC', '2024-05-08 10:35:24', 'Zugriff erlaubt'),
(' Anfrage Zustandsänderung', 'RFID UID:  13 E7 91 FC', '2024-05-08 10:35:25', 'Zugriff erlaubt'),
(' Anfrage Zustandsänderung', 'RFID UID:  13 E7 91 FC', '2024-05-08 10:35:28', 'Zugriff erlaubt'),
(' Anfrage Zustandsänderung', 'RFID UID:  93 16 D2 B6', '2024-05-08 10:35:32', 'Zugriff nicht erlaubt'),
(' Anfrage Zustandsänderung', 'RFID UID:  93 16 D2 B6', '2024-05-08 10:35:35', 'Zugriff nicht erlaubt'),
(' Anfrage Zustandsänderung', 'RFID UID:  93 16 D2 B6', '2024-05-08 10:35:36', 'Zugriff nicht erlaubt'),
(' Anfrage Zustandsänderung', 'RFID UID:  93 16 D2 B6', '2024-05-08 10:35:36', 'Zugriff nicht erlaubt'),
(' Anfrage Zustandsänderung', 'RFID UID:  13 E7 91 FC', '2024-05-08 10:35:39', 'Zugriff erlaubt'),
(' Anfrage Zustandsänderung', 'RFID UID:  13 E7 91 FC', '2024-05-08 10:35:42', 'Zugriff erlaubt'),
(' System Deaktiviert', 'RFID UID:  83 62 62 FC ', '2024-05-27 07:14:34', 'Zugriff nicht erlaubt'),
(' System Aktiviert', 'RFID UID:  83 62 62 FC ', '2024-05-27 07:14:34', 'Zugriff nicht erlaubt'),
(' System Deaktiviert', 'RFID UID:  93 16 D2 B6 ', '2024-05-27 07:14:34', 'Zugriff nicht erlaubt'),
(' System Aktiviert', 'RFID UID:  93 16 D2 B6 ', '2024-05-27 07:14:34', 'Zugriff nicht erlaubt'),
(' System Deaktiviert', 'RFID UID:  93 16 D2 B6 ', '2024-05-27 07:14:41', 'Zugriff nicht erlaubt'),
(' System Aktiviert', 'RFID UID:  93 16 D2 B6 ', '2024-05-27 07:14:42', 'Zugriff nicht erlaubt'),
(' System Deaktiviert', 'RFID UID:  93 16 D2 B6 ', '2024-05-27 07:14:43', 'Zugriff nicht erlaubt'),
(' System Aktiviert', 'RFID UID:  83 62 62 FC ', '2024-05-27 07:14:46', 'Zugriff nicht erlaubt'),
(' System Deaktiviert', 'RFID UID:  83 62 62 FC ', '2024-05-27 07:14:47', 'Zugriff nicht erlaubt'),
(' Anfrage Zustandsänderung', 'RFID UID:  83 62 62 FC', '2024-05-27 07:24:08', 'Zugriff nicht erlaubt'),
(' Anfrage Zustandsänderung', 'RFID UID:  83 62 62 FC', '2024-05-27 07:24:09', 'Zugriff nicht erlaubt'),
(' Anfrage Zustandsänderung', 'RFID UID:  83 62 62 FC', '2024-05-27 07:24:10', 'Zugriff nicht erlaubt'),
(' Anfrage Zustandsänderung', 'RFID UID:  83 62 62 FC', '2024-05-27 07:24:10', 'Zugriff nicht erlaubt'),
(' Anfrage Zustandsänderung', 'RFID UID:  83 62 62 FC', '2024-05-27 07:24:11', 'Zugriff nicht erlaubt'),
(' Anfrage Zustandsänderung', 'RFID UID:  83 62 62 FC', '2024-05-27 07:24:11', 'Zugriff nicht erlaubt'),
(' Anfrage Zustandsänderung', 'RFID UID:  83 62 62 FC', '2024-05-27 07:24:12', 'Zugriff nicht erlaubt'),
(' Anfrage Zustandsänderung', 'RFID UID:  83 62 62 FC', '2024-05-27 07:24:12', 'Zugriff nicht erlaubt'),
(' Anfrage Zustandsänderung', 'RFID UID:  83 62 62 FC', '2024-05-27 07:24:12', 'Zugriff nicht erlaubt'),
(' Anfrage Zustandsänderung', 'RFID UID:  83 62 62 FC', '2024-05-27 07:24:12', 'Zugriff nicht erlaubt'),
(' Anfrage Zustandsänderung', 'RFID UID:  83 62 62 FC', '2024-05-27 07:24:13', 'Zugriff nicht erlaubt'),
(' Anfrage Zustandsänderung', 'RFID UID:  83 62 62 FC', '2024-05-27 07:24:14', 'Zugriff nicht erlaubt'),
(' Anfrage Zustandsänderung', 'RFID UID:  83 62 62 FC', '2024-05-27 07:24:14', 'Zugriff nicht erlaubt'),
(' Anfrage Zustandsänderung', 'RFID UID:  83 62 62 FC', '2024-05-27 07:24:14', 'Zugriff nicht erlaubt'),
(' Anfrage Zustandsänderung', 'RFID UID:  83 62 62 FC', '2024-05-27 07:24:15', 'Zugriff nicht erlaubt'),
(' Anfrage Zustandsänderung', 'RFID UID:  83 62 62 FC', '2024-05-27 07:24:15', 'Zugriff nicht erlaubt'),
(' Anfrage Zustandsänderung', 'RFID UID:  83 62 62 FC', '2024-05-27 07:24:16', 'Zugriff nicht erlaubt'),
(' Anfrage Zustandsänderung', 'RFID UID:  83 62 62 FC', '2024-05-27 07:24:18', 'Zugriff nicht erlaubt'),
(' Anfrage Zustandsänderung', 'RFID UID:  83 62 62 FC', '2024-05-27 07:24:19', 'Zugriff nicht erlaubt'),
(' Anfrage Zustandsänderung', 'RFID UID:  83 62 62 FC', '2024-05-27 07:24:19', 'Zugriff nicht erlaubt'),
(' Anfrage Zustandsänderung', 'RFID UID:  83 62 62 FC', '2024-05-27 07:24:20', 'Zugriff nicht erlaubt'),
(' Anfrage Zustandsänderung', 'RFID UID:  83 62 62 FC', '2024-05-27 07:24:21', 'Zugriff nicht erlaubt'),
(' Anfrage Zustandsänderung', 'RFID UID:  83 62 62 FC', '2024-05-27 07:24:24', 'Zugriff nicht erlaubt'),
(' Anfrage Zustandsänderung', 'RFID UID:  93 16 D2 B6', '2024-05-27 07:24:30', 'Zugriff nicht erlaubt'),
(' Anfrage Zustandsänderung', 'RFID UID:  83 62 62 FC', '2024-05-27 07:24:40', 'Zugriff nicht erlaubt'),
(' Anfrage Zustandsänderung', 'RFID UID:  83 62 62 FC', '2024-05-27 07:24:49', 'Zugriff nicht erlaubt'),
(' Anfrage Zustandsänderung', 'RFID UID:  93 16 D2 B6', '2024-05-27 07:27:02', 'Zugriff nicht erlaubt'),
(' Anfrage Zustandsänderung', 'RFID UID:  93 16 D2 B6', '2024-05-27 07:27:05', 'Zugriff nicht erlaubt'),
(' Anfrage Zustandsänderung', 'RFID UID:  93 16 D2 B6', '2024-05-27 07:27:06', 'Zugriff nicht erlaubt'),
(' Anfrage Zustandsänderung', 'RFID UID:  83 62 62 FC', '2024-05-27 07:27:13', 'Zugriff nicht erlaubt'),
(' Anfrage Zustandsänderung', 'RFID UID:  83 62 62 FC', '2024-05-27 07:27:18', 'Zugriff nicht erlaubt'),
(' Anfrage Zustandsänderung', 'RFID UID:  93 16 D2 B6', '2024-05-27 07:27:57', 'Zugriff nicht erlaubt'),
(' Anfrage Zustandsänderung', 'RFID UID:  93 16 D2 B6', '2024-05-27 07:29:58', 'Zugriff nicht erlaubt'),
(' Anfrage Zustandsänderung', 'RFID UID:  93 16 D2 B6', '2024-05-27 07:30:01', 'Zugriff nicht erlaubt'),
(' Anfrage Zustandsänderung', 'RFID UID:  83 62 62 FC', '2024-05-27 07:30:06', 'Zugriff nicht erlaubt'),
(' Anfrage Zustandsänderung', 'RFID UID:  83 62 62 FC', '2024-05-27 07:30:09', 'Zugriff nicht erlaubt'),
(' Anfrage Zustandsänderung', 'RFID UID:  83 62 62 FC', '2024-05-27 07:30:17', 'Zugriff nicht erlaubt'),
(' Anfrage Zustandsänderung', 'RFID UID:  93 16 D2 B6', '2024-05-27 07:30:50', 'Zugriff nicht erlaubt'),
(' Anfrage Zustandsänderung', 'RFID UID:  93 16 D2 B6', '2024-05-27 07:31:51', 'Zugriff nicht erlaubt'),
(' Anfrage Zustandsänderung', 'RFID UID:  83 62 62 FC', '2024-05-27 07:31:55', 'Zugriff nicht erlaubt'),
(' Anfrage Zustandsänderung', 'RFID UID:  83 62 62 FC', '2024-05-27 07:31:56', 'Zugriff nicht erlaubt'),
(' Anfrage Zustandsänderung', 'RFID UID:  83 62 62 FC', '2024-05-27 07:31:58', 'Zugriff nicht erlaubt'),
(' Anfrage Zustandsänderung', 'RFID UID:  83 62 62 FC', '2024-05-27 07:31:58', 'Zugriff nicht erlaubt'),
(' Anfrage Zustandsänderung', 'RFID UID:  93 16 D2 B6', '2024-05-27 07:33:39', 'Zugriff nicht erlaubt'),
(' Anfrage Zustandsänderung', 'RFID UID:  93 16 D2 B6', '2024-05-27 07:34:10', 'Zugriff nicht erlaubt'),
(' Anfrage Zustandsänderung', 'RFID UID:  93 16 D2 B6', '2024-05-27 07:34:23', 'Zugriff nicht erlaubt'),
(' Anfrage Zustandsänderung', 'RFID UID:  93 16 D2 B6', '2024-05-27 07:34:47', 'Zugriff erlaubt'),
(' Anfrage Zustandsänderung', 'RFID UID:  93 16 D2 B6', '2024-05-27 07:34:47', 'Zugriff erlaubt'),
(' Anfrage Zustandsänderung', 'RFID UID:  93 16 D2 B6', '2024-05-27 07:34:48', 'Zugriff erlaubt'),
(' Anfrage Zustandsänderung', 'RFID UID:  93 16 D2 B6', '2024-05-27 07:34:48', 'Zugriff erlaubt'),
(' Anfrage Zustandsänderung', 'RFID UID:  93 16 D2 B6', '2024-05-27 07:34:49', 'Zugriff erlaubt'),
(' Anfrage Zustandsänderung', 'RFID UID:  93 16 D2 B6', '2024-05-27 07:35:07', 'Zugriff erlaubt'),
(' Anfrage Zustandsänderung', 'RFID UID:  93 16 D2 B6', '2024-05-27 07:45:48', 'Zugriff erlaubt'),
(' Anfrage Zustandsänderung', 'RFID UID:  93 16 D2 B6', '2024-05-27 07:45:49', 'Zugriff erlaubt'),
(' Anfrage Zustandsänderung', 'RFID UID:  93 16 D2 B6', '2024-05-27 07:45:51', 'Zugriff erlaubt'),
(' Anfrage Zustandsänderung', 'RFID UID:  93 16 D2 B6', '2024-05-27 07:45:52', 'Zugriff erlaubt'),
(' Anfrage Zustandsänderung', 'RFID UID:  93 16 D2 B6', '2024-05-27 07:45:53', 'Zugriff erlaubt'),
(' Anfrage Zustandsänderung', 'RFID UID:  93 16 D2 B6', '2024-05-27 07:45:53', 'Zugriff erlaubt'),
(' Anfrage Zustandsänderung', 'RFID UID:  83 62 62 FC', '2024-05-27 07:45:56', 'Zugriff nicht erlaubt'),
(' Anfrage Zustandsänderung', 'RFID UID:  83 62 62 FC', '2024-05-27 07:45:57', 'Zugriff nicht erlaubt'),
(' Anfrage Zustandsänderung', 'RFID UID:  83 62 62 FC', '2024-05-27 07:45:58', 'Zugriff nicht erlaubt'),
(' Anfrage Zustandsänderung', 'RFID UID:  93 16 D2 B6', '2024-05-27 07:47:05', 'Zugriff erlaubt'),
(' Anfrage Zustandsänderung', 'RFID UID:  93 16 D2 B6', '2024-05-27 07:47:06', 'Zugriff erlaubt'),
(' Anfrage Zustandsänderung', 'RFID UID:  93 16 D2 B6', '2024-05-27 07:47:08', 'Zugriff erlaubt'),
(' Anfrage Zustandsänderung', 'RFID UID:  93 16 D2 B6', '2024-05-27 07:47:09', 'Zugriff erlaubt'),
(' Anfrage Zustandsänderung', 'RFID UID:  93 16 D2 B6', '2024-05-27 07:48:09', 'Zugriff erlaubt'),
(' Anfrage Zustandsänderung', 'RFID UID:  93 16 D2 B6', '2024-05-27 07:48:09', 'Zugriff erlaubt'),
(' Anfrage Zustandsänderung', 'RFID UID:  93 16 D2 B6', '2024-05-27 07:48:10', 'Zugriff erlaubt'),
(' Anfrage Zustandsänderung', 'RFID UID:  93 16 D2 B6', '2024-05-27 07:48:10', 'Zugriff erlaubt'),
(' Anfrage Zustandsänderung', 'RFID UID:  93 16 D2 B6', '2024-05-27 07:48:10', 'Zugriff erlaubt'),
(' Anfrage Zustandsänderung', 'RFID UID:  93 16 D2 B6', '2024-05-27 07:48:14', 'Zugriff erlaubt'),
(' Anfrage Zustandsänderung', 'RFID UID:  83 62 62 FC', '2024-05-27 07:49:07', 'Zugriff nicht erlaubt'),
(' Anfrage Zustandsänderung', 'RFID UID:  83 62 62 FC', '2024-05-27 07:49:08', 'Zugriff nicht erlaubt'),
(' Anfrage Zustandsänderung', 'RFID UID:  93 16 D2 B6', '2024-05-27 07:49:38', 'Zugriff erlaubt'),
(' Anfrage Zustandsänderung', 'RFID UID:  93 16 D2 B6', '2024-05-27 07:49:39', 'Zugriff erlaubt'),
(' Anfrage Zustandsänderung', 'RFID UID:  93 16 D2 B6', '2024-05-27 07:49:41', 'Zugriff erlaubt'),
(' Anfrage Zustandsänderung', 'RFID UID:  93 16 D2 B6', '2024-05-27 07:49:42', 'Zugriff erlaubt'),
(' Anfrage Zustandsänderung', 'RFID UID:  83 62 62 FC', '2024-05-27 07:49:46', 'Zugriff nicht erlaubt'),
(' Anfrage Zustandsänderung', 'RFID UID:  83 62 62 FC', '2024-05-27 07:49:49', 'Zugriff nicht erlaubt'),
(' Anfrage Zustandsänderung', 'RFID UID:  83 62 62 FC', '2024-05-27 07:49:49', 'Zugriff nicht erlaubt'),
(' Anfrage Zustandsänderung', 'RFID UID:  93 16 D2 B6', '2024-05-27 07:52:29', 'Zugriff erlaubt'),
(' Anfrage Zustandsänderung', 'RFID UID:  93 16 D2 B6', '2024-05-27 07:52:29', 'Zugriff erlaubt'),
(' Anfrage Zustandsänderung', 'RFID UID:  93 16 D2 B6', '2024-05-27 07:52:34', 'Zugriff erlaubt'),
(' Anfrage Zustandsänderung', 'RFID UID:  93 16 D2 B6', '2024-05-27 07:52:35', 'Zugriff erlaubt'),
(' Anfrage Zustandsänderung', 'RFID UID:  93 16 D2 B6', '2024-05-27 07:52:36', 'Zugriff erlaubt'),
(' Anfrage Zustandsänderung', 'RFID UID:  93 16 D2 B6', '2024-05-27 07:52:36', 'Zugriff erlaubt'),
(' Anfrage Zustandsänderung', 'RFID UID:  93 16 D2 B6', '2024-05-27 07:53:22', 'Zugriff erlaubt'),
(' Anfrage Zustandsänderung', 'RFID UID:  93 16 D2 B6', '2024-05-27 07:53:23', 'Zugriff erlaubt'),
(' Anfrage Zustandsänderung', 'RFID UID:  93 16 D2 B6', '2024-05-27 07:53:23', 'Zugriff erlaubt'),
(' Anfrage Zustandsänderung', 'RFID UID:  93 16 D2 B6', '2024-05-27 07:53:46', 'Zugriff erlaubt'),
(' Anfrage Zustandsänderung', 'RFID UID:  93 16 D2 B6', '2024-05-27 07:54:15', 'Zugriff erlaubt'),
(' Anfrage Zustandsänderung', 'RFID UID:  93 16 D2 B6', '2024-05-27 07:54:36', 'Zugriff erlaubt'),
(' Anfrage Zustandsänderung', 'RFID UID:  93 16 D2 B6', '2024-05-27 07:54:37', 'Zugriff erlaubt'),
(' Anfrage Zustandsänderung', 'RFID UID:  93 16 D2 B6', '2024-05-27 07:54:38', 'Zugriff erlaubt'),
(' Anfrage Zustandsänderung', 'RFID UID:  93 16 D2 B6', '2024-05-27 07:54:38', 'Zugriff erlaubt'),
(' Anfrage Zustandsänderung', 'RFID UID:  93 16 D2 B6', '2024-05-27 07:54:39', 'Zugriff erlaubt'),
(' Anfrage Zustandsänderung', 'RFID UID:  93 16 D2 B6', '2024-05-27 08:03:26', 'Zugriff erlaubt'),
(' Anfrage Zustandsänderung', 'RFID UID:  93 16 D2 B6', '2024-05-27 08:11:44', 'Zugriff erlaubt'),
(' Anfrage Zustandsänderung', 'RFID UID:  93 16 D2 B6', '2024-05-27 08:11:44', 'Zugriff erlaubt'),
(' Anfrage Zustandsänderung', 'RFID UID:  93 16 D2 B6', '2024-05-27 08:11:45', 'Zugriff erlaubt'),
(' Anfrage Zustandsänderung', 'RFID UID:  93 16 D2 B6', '2024-05-27 08:11:50', 'Zugriff erlaubt'),
(' Anfrage Zustandsänderung', 'RFID UID:  93 16 D2 B6', '2024-05-27 08:11:51', 'Zugriff erlaubt'),
(' Anfrage Zustandsänderung', 'RFID UID:  93 16 D2 B6', '2024-05-27 08:11:53', 'Zugriff erlaubt'),
(' Anfrage Zustandsänderung', 'RFID UID:  93 16 D2 B6', '2024-05-27 08:11:53', 'Zugriff erlaubt'),
(' Anfrage Zustandsänderung', 'RFID UID:  93 16 D2 B6', '2024-05-27 08:12:07', 'Zugriff erlaubt'),
(' Anfrage Zustandsänderung', 'RFID UID:  93 16 D2 B6', '2024-05-27 08:12:07', 'Zugriff erlaubt'),
(' Anfrage Zustandsänderung', 'RFID UID:  93 16 D2 B6', '2024-05-27 08:15:32', 'Zugriff erlaubt'),
(' Anfrage Zustandsänderung', 'RFID UID:  93 16 D2 B6', '2024-05-27 08:15:33', 'Zugriff erlaubt'),
(' Anfrage Zustandsänderung', 'RFID UID:  93 16 D2 B6', '2024-05-27 08:15:34', 'Zugriff erlaubt'),
(' Anfrage Zustandsänderung', 'RFID UID:  93 16 D2 B6', '2024-05-27 08:15:34', 'Zugriff erlaubt'),
(' Anfrage Zustandsänderung', 'RFID UID:  93 16 D2 B6', '2024-05-27 08:15:34', 'Zugriff erlaubt'),
(' Anfrage Zustandsänderung', 'RFID UID:  93 16 D2 B6', '2024-05-27 08:15:34', 'Zugriff erlaubt'),
(' Anfrage Zustandsänderung', 'RFID UID:  93 16 D2 B6', '2024-05-27 08:15:34', 'Zugriff erlaubt'),
(' Anfrage Zustandsänderung', 'RFID UID:  93 16 D2 B6', '2024-05-27 08:15:34', 'Zugriff erlaubt'),
(' Anfrage Zustandsänderung', 'RFID UID:  93 16 D2 B6', '2024-05-27 08:15:43', 'Zugriff erlaubt'),
(' Anfrage Zustandsänderung', 'RFID UID:  93 16 D2 B6', '2024-05-27 08:15:46', 'Zugriff erlaubt'),
(' Anfrage Zustandsänderung', 'RFID UID:  93 16 D2 B6', '2024-05-27 08:15:48', 'Zugriff erlaubt'),
(' Anfrage Zustandsänderung', 'RFID UID:  93 16 D2 B6', '2024-05-27 08:15:50', 'Zugriff erlaubt'),
(' Anfrage Zustandsänderung', 'RFID UID:  93 16 D2 B6', '2024-05-27 08:15:55', 'Zugriff erlaubt'),
(' Anfrage Zustandsänderung', 'RFID UID:  93 16 D2 B6', '2024-05-27 08:15:58', 'Zugriff erlaubt'),
(' Anfrage Zustandsänderung', 'RFID UID:  93 16 D2 B6', '2024-05-27 08:17:58', 'Zugriff erlaubt'),
(' Anfrage Zustandsänderung', 'RFID UID:  93 16 D2 B6', '2024-05-27 08:18:45', 'Zugriff erlaubt'),
(' Anfrage Zustandsänderung', 'RFID UID:  93 16 D2 B6', '2024-05-27 08:18:48', 'Zugriff erlaubt'),
(' Anfrage Zustandsänderung', 'RFID UID:  93 16 D2 B6', '2024-05-27 08:18:50', 'Zugriff erlaubt'),
(' Anfrage Zustandsänderung', 'RFID UID:  93 16 D2 B6', '2024-05-27 08:18:52', 'Zugriff erlaubt'),
(' Anfrage Zustandsänderung', 'RFID UID:  93 16 D2 B6', '2024-05-27 08:18:55', 'Zugriff erlaubt'),
(' Anfrage Zustandsänderung', 'RFID UID:  93 16 D2 B6', '2024-05-27 08:18:56', 'Zugriff erlaubt'),
(' Anfrage Zustandsänderung', 'RFID UID:  93 16 D2 B6', '2024-05-27 08:19:21', 'Zugriff erlaubt'),
(' Anfrage Zustandsänderung', 'RFID UID:  93 16 D2 B6', '2024-05-27 08:20:56', 'Zugriff erlaubt'),
(' Anfrage Zustandsänderung', 'RFID UID:  93 16 D2 B6', '2024-05-27 08:21:00', 'Zugriff erlaubt'),
(' Anfrage Zustandsänderung', 'RFID UID:  93 16 D2 B6', '2024-05-27 08:23:46', 'Zugriff erlaubt'),
(' Anfrage Zustandsänderung', 'RFID UID:  93 16 D2 B6', '2024-05-27 08:33:19', 'Zugriff erlaubt'),
(' Anfrage Zustandsänderung', 'RFID UID:  93 16 D2 B6', '2024-05-27 08:33:28', 'Zugriff erlaubt'),
(' Anfrage Zustandsänderung', 'RFID UID:  93 16 D2 B6', '2024-05-27 08:34:05', 'Zugriff erlaubt'),
(' Anfrage Zustandsänderung', 'RFID UID:  93 16 D2 B6', '2024-05-27 08:34:07', 'Zugriff erlaubt'),
(' Anfrage Zustandsänderung', 'RFID UID:  93 16 D2 B6', '2024-05-27 08:34:10', 'Zugriff erlaubt'),
(' Anfrage Zustandsänderung', 'RFID UID:  83 62 62 FC', '2024-05-27 08:34:16', 'Zugriff nicht erlaubt'),
(' Anfrage Zustandsänderung', 'RFID UID:  83 62 62 FC', '2024-05-27 08:34:18', 'Zugriff nicht erlaubt'),
(' Anfrage Zustandsänderung', 'RFID UID:  83 62 62 FC', '2024-05-27 08:34:20', 'Zugriff nicht erlaubt'),
(' Anfrage Zustandsänderung', 'RFID UID:  93 16 D2 B6', '2024-05-27 08:34:22', 'Zugriff erlaubt'),
(' Anfrage Zustandsänderung', 'RFID UID:  93 16 D2 B6', '2024-05-27 08:41:10', 'Zugriff erlaubt'),
(' Anfrage Zustandsänderung', 'RFID UID:  93 16 D2 B6', '2024-05-27 08:41:11', 'Zugriff erlaubt'),
(' Anfrage Zustandsänderung', 'RFID UID:  93 16 D2 B6', '2024-05-27 08:41:13', 'Zugriff erlaubt'),
(' Anfrage Zustandsänderung', 'RFID UID:  93 16 D2 B6', '2024-05-27 08:41:14', 'Zugriff erlaubt'),
(' Anfrage Zustandsänderung', 'RFID UID:  93 16 D2 B6', '2024-05-27 08:41:23', 'Zugriff erlaubt'),
(' Anfrage Zustandsänderung', 'RFID UID:  93 16 D2 B6', '2024-05-27 08:41:25', 'Zugriff erlaubt'),
(' Anfrage Zustandsänderung', 'RFID UID:  93 16 D2 B6', '2024-05-27 08:41:26', 'Zugriff erlaubt'),
(' Anfrage Zustandsänderung', 'RFID UID:  93 16 D2 B6', '2024-05-27 08:41:31', 'Zugriff erlaubt'),
(' Anfrage Zustandsänderung', 'RFID UID:  93 16 D2 B6', '2024-05-27 08:41:35', 'Zugriff erlaubt'),
(' Anfrage Zustandsänderung', 'RFID UID:  93 16 D2 B6', '2024-05-27 08:41:37', 'Zugriff erlaubt'),
(' Anfrage Zustandsänderung', 'RFID UID:  93 16 D2 B6', '2024-05-27 08:41:39', 'Zugriff erlaubt'),
(' Anfrage Zustandsänderung', 'RFID UID:  93 16 D2 B6', '2024-05-27 08:42:50', 'Zugriff erlaubt'),
(' Anfrage Zustandsänderung', 'RFID UID:  93 16 D2 B6', '2024-05-27 08:45:16', 'Zugriff erlaubt'),
(' Anfrage Zustandsänderung', 'RFID UID:  93 16 D2 B6', '2024-05-27 08:45:17', 'Zugriff erlaubt'),
(' Anfrage Zustandsänderung', 'RFID UID:  93 16 D2 B6', '2024-05-27 08:45:17', 'Zugriff erlaubt'),
(' Anfrage Zustandsänderung', 'RFID UID:  93 16 D2 B6', '2024-05-27 08:47:47', 'Zugriff erlaubt'),
(' Anfrage Zustandsänderung', 'RFID UID:  93 16 D2 B6', '2024-05-27 08:47:49', 'Zugriff erlaubt'),
(' Anfrage Zustandsänderung', 'RFID UID:  93 16 D2 B6', '2024-05-27 08:47:51', 'Zugriff erlaubt'),
(' Anfrage Zustandsänderung', 'RFID UID:  83 62 62 FC', '2024-05-27 08:47:53', 'Zugriff nicht erlaubt'),
(' Anfrage Zustandsänderung', 'RFID UID:  93 16 D2 B6', '2024-05-27 08:47:59', 'Zugriff erlaubt'),
(' Anfrage Zustandsänderung', 'RFID UID:  93 16 D2 B6', '2024-05-27 08:48:00', 'Zugriff erlaubt'),
(' Anfrage Zustandsänderung', 'RFID UID:  93 16 D2 B6', '2024-05-27 08:49:34', 'Zugriff erlaubt'),
(' Anfrage Zustandsänderung', 'RFID UID:  93 16 D2 B6', '2024-05-29 07:57:49', 'Zugriff erlaubt'),
(' Anfrage Zustandsänderung', 'RFID UID:  93 16 D2 B6', '2024-05-29 07:57:49', 'Zugriff erlaubt'),
(' Anfrage Zustandsänderung', 'RFID UID:  93 16 D2 B6', '2024-05-29 07:57:49', 'Zugriff erlaubt'),
(' Anfrage Zustandsänderung', 'RFID UID:  93 16 D2 B6', '2024-05-29 07:57:53', 'Zugriff erlaubt'),
(' Anfrage Zustandsänderung', 'RFID UID:  93 16 D2 B6', '2024-05-29 07:58:17', 'Zugriff erlaubt'),
(' Anfrage Zustandsänderung', 'RFID UID:  93 16 D2 B6', '2024-05-29 07:58:33', 'Zugriff erlaubt'),
(' Anfrage Zustandsänderung', 'RFID UID:  83 62 62 FC', '2024-05-29 07:58:55', 'Zugriff nicht erlaubt'),
(' Anfrage Zustandsänderung', 'RFID UID:  83 62 62 FC', '2024-05-29 07:59:11', 'Zugriff nicht erlaubt'),
(' Anfrage Zustandsänderung', 'RFID UID:  83 62 62 FC', '2024-05-29 07:59:12', 'Zugriff nicht erlaubt'),
(' Anfrage Zustandsänderung', 'RFID UID:  93 16 D2 B6', '2024-05-29 07:59:20', 'Zugriff erlaubt'),
(' Anfrage Zustandsänderung', 'RFID UID:  93 16 D2 B6', '2024-05-29 07:59:28', 'Zugriff erlaubt'),
(' Anfrage Zustandsänderung', 'RFID UID:  83 62 62 FC', '2024-05-29 07:59:37', 'Zugriff nicht erlaubt'),
(' Anfrage Zustandsänderung', 'RFID UID:  93 16 D2 B6', '2024-05-29 08:00:52', 'Zugriff erlaubt'),
(' Anfrage Zustandsänderung', 'RFID UID:  93 16 D2 B6', '2024-05-29 08:02:01', 'Zugriff erlaubt'),
(' Anfrage Zustandsänderung', 'RFID UID:  83 62 62 FC', '2024-05-29 08:02:16', 'Zugriff nicht erlaubt'),
(' Anfrage Zustandsänderung', 'RFID UID:  93 16 D2 B6', '2024-05-29 08:03:58', 'Zugriff erlaubt'),
(' Anfrage Zustandsänderung', 'RFID UID:  93 16 D2 B6', '2024-05-29 08:08:10', 'Zugriff erlaubt'),
(' Anfrage Zustandsänderung', 'RFID UID:  93 16 D2 B6', '2024-05-29 08:08:45', 'Zugriff erlaubt'),
(' Anfrage Zustandsänderung', 'RFID UID:  93 16 D2 B6', '2024-05-29 08:08:49', 'Zugriff erlaubt'),
(' Anfrage Zustandsänderung', 'RFID UID:  83 62 62 FC', '2024-05-29 08:18:38', 'Zugriff nicht erlaubt'),
(' Anfrage Zustandsänderung', 'RFID UID:  83 62 62 FC', '2024-05-29 08:18:56', 'Zugriff nicht erlaubt'),
(' Anfrage Zustandsänderung', 'RFID UID:  93 16 D2 B6', '2024-05-29 08:19:05', 'Zugriff erlaubt'),
(' Anfrage Zustandsänderung', 'RFID UID:  93 16 D2 B6', '2024-05-29 08:19:10', 'Zugriff erlaubt'),
(' Anfrage Zustandsänderung', 'RFID UID:  93 16 D2 B6', '2024-05-29 08:21:31', 'Zugriff erlaubt'),
(' Anfrage Zustandsänderung', 'RFID UID:  93 16 D2 B6', '2024-05-29 08:21:37', 'Zugriff erlaubt'),
(' Anfrage Zustandsänderung', 'RFID UID:  83 62 62 FC', '2024-05-29 08:23:44', 'Zugriff nicht erlaubt'),
(' Anfrage Zustandsänderung', 'RFID UID:  93 16 D2 B6', '2024-05-29 08:23:57', 'Zugriff erlaubt');

-- --------------------------------------------------------

--
-- Tabellenstruktur für Tabelle `zustand`
--

CREATE TABLE `zustand` (
  `Aenderung` varchar(50) DEFAULT NULL,
  `zeitstempel` timestamp NOT NULL DEFAULT current_timestamp() ON UPDATE current_timestamp()
) ENGINE=InnoDB DEFAULT CHARSET=utf8mb4 COLLATE=utf8mb4_general_ci;

--
-- Daten für Tabelle `zustand`
--

INSERT INTO `zustand` (`Aenderung`, `zeitstempel`) VALUES
('Systemstatus: Deaktiviert', '2024-05-27 07:54:36'),
('Systemstatus: Aktiviert', '2024-05-27 07:54:37'),
('Systemstatus: Deaktiviert', '2024-05-27 07:54:38'),
('Systemstatus: Aktiviert', '2024-05-27 07:54:38'),
('Systemstatus: Deaktiviert', '2024-05-27 07:54:39'),
('Systemstatus: Aktiviert', '2024-05-27 08:03:26'),
('Systemstatus: Deaktiviert', '2024-05-27 08:11:44'),
('Systemstatus: Aktiviert', '2024-05-27 08:11:44'),
('Systemstatus: Deaktiviert', '2024-05-27 08:11:47'),
('Systemstatus: Aktiviert', '2024-05-27 08:11:50'),
('Systemstatus: Deaktiviert', '2024-05-27 08:11:51'),
('Systemstatus: Aktiviert', '2024-05-27 08:11:53'),
('Systemstatus: Deaktiviert', '2024-05-27 08:11:53'),
('Systemstatus: Aktiviert', '2024-05-27 08:12:07'),
('Systemstatus: Deaktiviert', '2024-05-27 08:12:07'),
('Systemstatus: Aktiviert', '2024-05-27 08:15:32'),
('Systemstatus: Deaktiviert', '2024-05-27 08:15:33'),
('Systemstatus: Aktiviert', '2024-05-27 08:15:34'),
('Systemstatus: Deaktiviert', '2024-05-27 08:15:34'),
('Systemstatus: Aktiviert', '2024-05-27 08:15:34'),
('Systemstatus: Deaktiviert', '2024-05-27 08:15:34'),
('Systemstatus: Aktiviert', '2024-05-27 08:15:34'),
('Systemstatus: Deaktiviert', '2024-05-27 08:15:34'),
('Systemstatus: Aktiviert', '2024-05-27 08:15:43'),
('Systemstatus: Deaktiviert', '2024-05-27 08:15:46'),
('Systemstatus: Aktiviert', '2024-05-27 08:15:48'),
('Systemstatus: Deaktiviert', '2024-05-27 08:15:51'),
('Systemstatus: Aktiviert', '2024-05-27 08:15:55'),
('Systemstatus: Deaktiviert', '2024-05-27 08:15:58'),
('Systemstatus: Aktiviert', '2024-05-27 08:17:58'),
('Systemstatus: Deaktiviert', '2024-05-27 08:18:45'),
('Systemstatus: Aktiviert', '2024-05-27 08:18:48'),
('Systemstatus: Deaktiviert', '2024-05-27 08:18:50'),
('Systemstatus: Aktiviert', '2024-05-27 08:18:52'),
('Systemstatus: Deaktiviert', '2024-05-27 08:18:55'),
('Systemstatus: Aktiviert', '2024-05-27 08:18:56'),
('Systemstatus: Deaktiviert', '2024-05-27 08:19:21'),
('Systemstatus: Aktiviert', '2024-05-27 08:20:56'),
('Systemstatus: Deaktiviert', '2024-05-27 08:21:00'),
('Systemstatus: Aktiviert', '2024-05-27 08:23:46'),
('Systemstatus: Deaktiviert', '2024-05-27 08:33:19'),
('Systemstatus: Aktiviert', '2024-05-27 08:33:28'),
('Systemstatus: Deaktiviert', '2024-05-27 08:34:05'),
('Systemstatus: Aktiviert', '2024-05-27 08:34:08'),
('Systemstatus: Deaktiviert', '2024-05-27 08:34:10'),
('Systemstatus: Deaktiviert', '2024-05-27 08:34:16'),
('Systemstatus: Deaktiviert', '2024-05-27 08:34:18'),
('Systemstatus: Deaktiviert', '2024-05-27 08:34:20'),
('Systemstatus: Aktiviert', '2024-05-27 08:34:22'),
('Systemstatus: Deaktiviert', '2024-05-27 08:41:10'),
('Systemstatus: Aktiviert', '2024-05-27 08:41:11'),
('Systemstatus: Deaktiviert', '2024-05-27 08:41:13'),
('Systemstatus: Aktiviert', '2024-05-27 08:41:14'),
('Systemstatus: Deaktiviert', '2024-05-27 08:41:23'),
('Systemstatus: Aktiviert', '2024-05-27 08:41:25'),
('Systemstatus: Deaktiviert', '2024-05-27 08:41:26'),
('Systemstatus: Aktiviert', '2024-05-27 08:41:31'),
('Systemstatus: Deaktiviert', '2024-05-27 08:41:35'),
('Systemstatus: Aktiviert', '2024-05-27 08:41:37'),
('Systemstatus: Deaktiviert', '2024-05-27 08:41:39'),
('Systemstatus: Aktiviert', '2024-05-27 08:42:50'),
('Systemstatus: Deaktiviert', '2024-05-27 08:45:16'),
('Systemstatus: Aktiviert', '2024-05-27 08:45:17'),
('Systemstatus: Deaktiviert', '2024-05-27 08:45:17'),
('Systemstatus: Deaktiviert', '2024-05-27 08:47:47'),
('Systemstatus: Aktiviert', '2024-05-27 08:47:49'),
('Systemstatus: Deaktiviert', '2024-05-27 08:47:51'),
('Systemstatus: Deaktiviert', '2024-05-27 08:47:54'),
('Systemstatus: Aktiviert', '2024-05-27 08:47:59'),
('Systemstatus: Deaktiviert', '2024-05-27 08:48:00'),
('Systemstatus: Aktiviert', '2024-05-27 08:49:34'),
('Systemstatus: Deaktiviert', '2024-05-29 07:57:49'),
('Systemstatus: Aktiviert', '2024-05-29 07:57:53'),
('Systemstatus: Deaktiviert', '2024-05-29 07:58:17'),
('Systemstatus: Aktiviert', '2024-05-29 07:58:33'),
('Systemstatus: Aktiviert', '2024-05-29 07:58:55'),
('Systemstatus: Aktiviert', '2024-05-29 07:59:11'),
('Systemstatus: Aktiviert', '2024-05-29 07:59:12'),
('Systemstatus: Deaktiviert', '2024-05-29 07:59:20'),
('Systemstatus: Aktiviert', '2024-05-29 07:59:28'),
('Systemstatus: Aktiviert', '2024-05-29 07:59:37'),
('Systemstatus: Deaktiviert', '2024-05-29 08:00:52'),
('Systemstatus: Aktiviert', '2024-05-29 08:02:01'),
('Systemstatus: Aktiviert', '2024-05-29 08:02:16'),
('Systemstatus: Deaktiviert', '2024-05-29 08:03:58'),
('Systemstatus: Aktiviert', '2024-05-29 08:08:10'),
('Systemstatus: Deaktiviert', '2024-05-29 08:08:45'),
('Systemstatus: Aktiviert', '2024-05-29 08:08:49'),
('Systemstatus: Aktiviert', '2024-05-29 08:18:38'),
('Systemstatus: Aktiviert', '2024-05-29 08:18:56'),
('Systemstatus: Deaktiviert', '2024-05-29 08:19:05'),
('Systemstatus: Aktiviert', '2024-05-29 08:19:10'),
('Systemstatus: Deaktiviert', '2024-05-29 08:21:31'),
('Systemstatus: Aktiviert', '2024-05-29 08:21:37'),
('Systemstatus: Aktiviert', '2024-05-29 08:23:45'),
('Systemstatus: Deaktiviert', '2024-05-29 08:23:57');

--
-- Indizes der exportierten Tabellen
--

--
-- Indizes für die Tabelle `berechtigungen`
--
ALTER TABLE `berechtigungen`
  ADD PRIMARY KEY (`ID`);

--
-- AUTO_INCREMENT für exportierte Tabellen
--

--
-- AUTO_INCREMENT für Tabelle `berechtigungen`
--
ALTER TABLE `berechtigungen`
  MODIFY `ID` int(11) NOT NULL AUTO_INCREMENT, AUTO_INCREMENT=2;
--
-- Datenbank: `dbverkauf`
--
CREATE DATABASE IF NOT EXISTS `dbverkauf` DEFAULT CHARACTER SET utf8mb4 COLLATE utf8mb4_general_ci;
USE `dbverkauf`;

-- --------------------------------------------------------

--
-- Tabellenstruktur für Tabelle `artikel`
--

CREATE TABLE `artikel` (
  `artikelnummer` int(11) NOT NULL,
  `artikelname` char(50) DEFAULT NULL,
  `herstellernummer` int(11) DEFAULT NULL,
  `preis` decimal(5,2) DEFAULT NULL
) ENGINE=InnoDB DEFAULT CHARSET=utf8mb4 COLLATE=utf8mb4_general_ci;

--
-- Daten für Tabelle `artikel`
--

INSERT INTO `artikel` (`artikelnummer`, `artikelname`, `herstellernummer`, `preis`) VALUES
(1, 'Maus', 10, 10.00),
(2, 'Tastatur', 10, 20.00),
(3, 'Drucker', 50, 300.00),
(4, 'Festplatte', 30, 400.00),
(5, 'Monitor', 20, 500.00);

-- --------------------------------------------------------

--
-- Tabellenstruktur für Tabelle `bestellung`
--

CREATE TABLE `bestellung` (
  `bestellnummer` int(11) NOT NULL,
  `artikelnummer` int(11) NOT NULL,
  `kundennummer` int(11) NOT NULL,
  `artikelanzahl` int(11) NOT NULL,
  `bestellsumme` decimal(5,2) NOT NULL
) ENGINE=InnoDB DEFAULT CHARSET=utf8mb4 COLLATE=utf8mb4_general_ci;

--
-- Daten für Tabelle `bestellung`
--

INSERT INTO `bestellung` (`bestellnummer`, `artikelnummer`, `kundennummer`, `artikelanzahl`, `bestellsumme`) VALUES
(1, 1, 4, 2, 20.00),
(2, 2, 1, 1, 20.00),
(3, 1, 2, 3, 30.00),
(4, 3, 3, 1, 300.00),
(5, 5, 5, 5, 999.99);

-- --------------------------------------------------------

--
-- Tabellenstruktur für Tabelle `hersteller`
--

CREATE TABLE `hersteller` (
  `herstellernummer` int(11) NOT NULL,
  `herstellername` char(30) DEFAULT NULL,
  `land` char(30) DEFAULT NULL
) ENGINE=InnoDB DEFAULT CHARSET=utf8mb4 COLLATE=utf8mb4_general_ci;

--
-- Daten für Tabelle `hersteller`
--

INSERT INTO `hersteller` (`herstellernummer`, `herstellername`, `land`) VALUES
(10, 'Logitech', 'Schweiz'),
(20, 'SONY', 'Japan'),
(30, 'Maxtor', 'USA'),
(40, 'Medion', 'Deutschland'),
(50, 'Hewlett Packard', 'USA');

-- --------------------------------------------------------

--
-- Tabellenstruktur für Tabelle `person`
--

CREATE TABLE `person` (
  `personennummer` int(11) NOT NULL,
  `nachname` char(20) DEFAULT NULL,
  `vorname` char(20) DEFAULT NULL,
  `strasse` char(30) DEFAULT NULL,
  `ort` char(30) DEFAULT NULL,
  `plz` int(5) DEFAULT NULL,
  `land` char(20) DEFAULT NULL,
  `geburtsdatum` date DEFAULT NULL
) ENGINE=InnoDB DEFAULT CHARSET=utf8mb4 COLLATE=utf8mb4_general_ci;

--
-- Daten für Tabelle `person`
--

INSERT INTO `person` (`personennummer`, `nachname`, `vorname`, `strasse`, `ort`, `plz`, `land`, `geburtsdatum`) VALUES
(1, 'Blotzek', 'Ulrich', 'Großkopf 4', 'Arnsberg', 59823, 'Deutschland', '1960-10-05'),
(2, 'Schatter', 'Peter', 'Försterstrasse 56', 'Augsburg', 86179, 'Deutschland', '1980-01-01'),
(3, 'Wojack', 'Albert', 'Westendstrasse 92', 'Berlin', 12557, 'Deutschland', '1955-06-15'),
(4, 'Virtanen', 'Veera', 'Oyi Keilasatama 21', 'Espoo', 2150, 'Finnland', '1992-12-30'),
(5, 'Hämäläinen', 'Ahvo', 'Tapulikuja 56', 'Forssa', 30100, 'Finnland', '1977-04-23'),
(6, 'Huisman', 'Fenna', 'Spoordreef 87', 'Almere', 1315, 'Niederlande', '1971-08-17'),
(7, 'Prins', 'Lieke', 'Noordgeest 21', 'Bergen op Zoom', 4600, 'Niederlande', '1987-05-08'),
(8, 'David', 'Paula', 'Murielstrasse 47', 'Klagenfurt', 9020, 'Österreich', '1970-01-21'),
(9, 'Hardiff', 'Joseph', 'Bischofstrasse 139', 'Lienz', 9900, 'Österreich', '1962-08-09');

--
-- Indizes der exportierten Tabellen
--

--
-- Indizes für die Tabelle `artikel`
--
ALTER TABLE `artikel`
  ADD PRIMARY KEY (`artikelnummer`),
  ADD KEY `artikelnamen_index` (`artikelname`),
  ADD KEY `herstellernummer` (`herstellernummer`);

--
-- Indizes für die Tabelle `bestellung`
--
ALTER TABLE `bestellung`
  ADD PRIMARY KEY (`bestellnummer`),
  ADD KEY `artikelnummer` (`artikelnummer`),
  ADD KEY `kundennummer` (`kundennummer`);

--
-- Indizes für die Tabelle `hersteller`
--
ALTER TABLE `hersteller`
  ADD PRIMARY KEY (`herstellernummer`),
  ADD KEY `herstellername` (`herstellername`);

--
-- Indizes für die Tabelle `person`
--
ALTER TABLE `person`
  ADD PRIMARY KEY (`personennummer`);

--
-- AUTO_INCREMENT für exportierte Tabellen
--

--
-- AUTO_INCREMENT für Tabelle `bestellung`
--
ALTER TABLE `bestellung`
  MODIFY `bestellnummer` int(11) NOT NULL AUTO_INCREMENT, AUTO_INCREMENT=6;

--
-- Constraints der exportierten Tabellen
--

--
-- Constraints der Tabelle `artikel`
--
ALTER TABLE `artikel`
  ADD CONSTRAINT `artikel_ibfk_1` FOREIGN KEY (`herstellernummer`) REFERENCES `hersteller` (`herstellernummer`) ON DELETE CASCADE;

--
-- Constraints der Tabelle `bestellung`
--
ALTER TABLE `bestellung`
  ADD CONSTRAINT `bestellung_ibfk_1` FOREIGN KEY (`artikelnummer`) REFERENCES `artikel` (`artikelnummer`) ON DELETE CASCADE,
  ADD CONSTRAINT `bestellung_ibfk_2` FOREIGN KEY (`kundennummer`) REFERENCES `person` (`personennummer`) ON DELETE CASCADE;
--
-- Datenbank: `lf8.3`
--
CREATE DATABASE IF NOT EXISTS `lf8.3` DEFAULT CHARACTER SET utf8mb4 COLLATE utf8mb4_general_ci;
USE `lf8.3`;

-- --------------------------------------------------------

--
-- Tabellenstruktur für Tabelle `auto`
--

CREATE TABLE `auto` (
  `id_auto` int(11) NOT NULL,
  `Kennzeichen` varchar(20) DEFAULT NULL,
  `hersteller` varchar(20) DEFAULT NULL,
  `typ` varchar(20) DEFAULT NULL,
  `baujahr` int(11) DEFAULT NULL,
  `ps` int(11) DEFAULT NULL,
  `ccm` int(11) DEFAULT NULL,
  `farbe` varchar(20) DEFAULT NULL,
  `kraftstoff` varchar(10) DEFAULT NULL,
  `sitzplaetze` int(11) DEFAULT NULL,
  `extras` varchar(20) DEFAULT NULL,
  `zubehoer1` varchar(20) DEFAULT NULL,
  `zubehoer2` varchar(20) DEFAULT NULL,
  `versicherungs_nr` varchar(20) DEFAULT NULL,
  `tuv` date DEFAULT NULL,
  `asu` date DEFAULT NULL,
  `preisgruppe_id` int(11) DEFAULT NULL
) ENGINE=InnoDB DEFAULT CHARSET=utf8mb4 COLLATE=utf8mb4_general_ci;

--
-- Daten für Tabelle `auto`
--

INSERT INTO `auto` (`id_auto`, `Kennzeichen`, `hersteller`, `typ`, `baujahr`, `ps`, `ccm`, `farbe`, `kraftstoff`, `sitzplaetze`, `extras`, `zubehoer1`, `zubehoer2`, `versicherungs_nr`, `tuv`, `asu`, `preisgruppe_id`) VALUES
(2, 'KS R666', 'Renault', 'Megane', 2002, 100, 1596, 'weiß', 'Diesel', 5, 'Radio', '-', '-', '3497856', '2005-05-01', '2005-05-01', 2),
(3, 'KS JV417', 'Lancia', 'Thema', 2004, 145, 1999, 'schwarz', 'Normal', 5, 'Radio', 'Hupe', 'el. Fensterheber', '3584,247', '2007-08-01', '2007-08-01', 4),
(4, 'KS JS811', 'VW', 'Golf', 2003, 55, 1263, 'weiß', 'Normal', 5, 'Radio', 'Schiebedach', 'Halbschalensitze', '655/060455-Q', '2005-11-01', '2005-11-01', 2),
(5, 'KS TP14', 'Honda', 'CRX', 2006, 124, 1994, 'rot', 'Super', 2, 'Alufelgen', 'Navi', 'defektes Schiebedach', '2,5428414', '2007-06-01', '2007-06-01', 4),
(6, 'KS K2863', 'Ford', 'Focus', 2006, 90, 1590, 'blau', 'Super', 5, 'Alu', 'Navi', 'Zentralverriegelung', '384+90+6467947', '2007-10-01', '2007-10-01', 3),
(7, 'KS T1010', 'VW', 'Polo', 2001, 45, 1035, 'tornadorot', 'Normal', 5, 'Radio', '-', '-', '9874684947', '2005-06-01', '2005-06-01', 1),
(8, 'KS KV23', 'Ford', 'Focus', 2006, 54, 1597, 'matschschwarz', 'Diesel', 5, 'Radio', 'ZV', '-', '654684354', '2007-09-01', '2007-09-01', 2),
(9, 'KS MB220', 'Mercedes Benz', '220 S', 2006, 123, 2156, 'silbergrau', 'Super', 5, 'Radio', 'Navi', '-', '65846454', '2007-04-01', '2007-04-01', 5),
(10, 'KS CE221', 'VW', 'Golf', 2007, 75, 1596, 'rot', 'Normal', 5, 'Radio', '-', '-', '55514-B1124', '2004-05-01', '2004-05-01', 4);

-- --------------------------------------------------------

--
-- Tabellenstruktur für Tabelle `kunde`
--

CREATE TABLE `kunde` (
  `Kundennummer` int(11) NOT NULL,
  `nachname` varchar(20) DEFAULT NULL,
  `vorname` varchar(20) DEFAULT NULL,
  `strasse` varchar(40) DEFAULT NULL,
  `ort` varchar(20) DEFAULT NULL,
  `plz` varchar(20) DEFAULT NULL,
  `land` varchar(20) DEFAULT NULL,
  `Geburtsdatum` date DEFAULT NULL
) ENGINE=InnoDB DEFAULT CHARSET=utf8mb4 COLLATE=utf8mb4_general_ci;

--
-- Daten für Tabelle `kunde`
--

INSERT INTO `kunde` (`Kundennummer`, `nachname`, `vorname`, `strasse`, `ort`, `plz`, `land`, `Geburtsdatum`) VALUES
(1, 'Blotzek', 'Ulrich', 'Großkopf 4', 'Arnsberg', '59823', 'Deutschland', '1965-02-21'),
(2, 'Schatter', 'Peter', 'Försterstrasse 56', 'Augsburg', '86179', 'Deutschland', '1987-12-01'),
(3, 'Wojack', 'Albert', 'Westendstrasse 92', 'Berlin', '12557', 'Deutschland', '1964-05-04'),
(4, 'Virtanen', 'Veera', 'Bonner Strasse 76', 'Berlin', '12051', 'Deutschland', NULL),
(5, 'Hämäläinen', 'Ahvo', 'Schützenweg 12', 'Bestwig', '59909', 'Deutschland', NULL),
(6, 'Huisman', 'Fenna', 'Lincoln Allee 511', 'Bonn', '53117', 'Deutschland', NULL),
(7, 'Prins', 'Lieke', 'Rheinaue 13', 'Boppard', '56154', 'Deutschland', NULL),
(8, 'David', 'Paula', 'Patersonstrasse 14', 'Braunschweig', '38100', 'Deutschland', NULL),
(9, 'Hardiff', 'Joseph', 'Bauernpfad 4', 'Brilon', '59929', 'Deutschland', NULL),
(10, 'Petri', 'Laura', 'Küsterstrasse 12', 'Cloppenburg', '49661', 'Deutschland', NULL),
(11, 'Jakob', 'Volker', 'Steinweg 42', 'Cuxhaven', '27476', 'Deutschland', NULL),
(12, 'Jederman', 'Anna', 'Kentelerstrasse 99', 'Dillingen', '89407', 'Deutschland', NULL),
(13, 'Simonsen', 'Elisbeth', 'Allerheiligenstrasse 81', 'Dinslaken', '46537', 'Deutschland', NULL),
(14, 'Valerien', 'Nina', 'Königstrasse 210', 'Dorsten', '46282', 'Deutschland', NULL),
(15, 'Bartos', 'Jürgen', 'Postgasse 77', 'Dortmund', '44319', 'Deutschland', NULL),
(16, 'Karter', 'Wilhelm', 'Pieschener Allee 23', 'Dresden', '01067', 'Deutschland', NULL),
(17, 'Kaut', 'Klara', 'Niehler Kirchweg 65', 'Duisburg', '47138', 'Deutschland', NULL),
(18, 'Schmitt', 'Rosa', 'Hemingway Strasse 280', 'Düsseldorf', '40221', 'Deutschland', NULL),
(19, 'Goldberg', 'Jan', 'Müllerweg 78', 'Düsseldorf', '40547', 'Deutschland', NULL),
(20, 'Melone', 'Enrico', 'Blaubergstrasse 89', 'Frankfurt', '60599', 'Deutschland', NULL),
(21, 'Niemann', 'Roberta', 'Breinhölzer Allee 210', 'Freilassing', '83395', 'Deutschland', NULL),
(22, 'Konzack', 'Jens', 'Frühlingsweg 30', 'Göttingen', '37085', 'Deutschland', NULL),
(23, 'Bennstock', 'Moritz', 'Herrmannstrasse 12', 'Kassel', '34117', 'Deutschland', NULL),
(24, 'Hauken', 'Bert', 'Heubnerstrasse 5', 'Kassel', '34119', 'Deutschland', NULL),
(25, 'Leber', 'Brigitte', 'Kirchstrasse 70', 'Köln', '50670', 'Deutschland', NULL),
(26, 'Linn', 'Elizabeth', 'Seestrasse 144', 'Landau', '76829', 'Deutschland', NULL),
(27, 'Schmidt', 'Rebecca', 'Schönsteinstrasse 18', 'Lübeck', '23569', 'Deutschland', NULL),
(28, 'Estes', 'Rita', 'Königsallee 111', 'Marl', '45770', 'Deutschland', NULL),
(29, 'Margelt', 'Stephan', 'Mühlengraben 12', 'Meschede', '59872', 'Deutschland', NULL),
(30, 'Sennhart', 'Isabel', 'Dover Platz 14', 'Moers', '47447', 'Deutschland', NULL),
(31, 'Oberein', 'Sepp', 'Nordstrasse 8', 'Mönchengladbach', '41236', 'Deutschland', NULL),
(32, 'Harrmann', 'Axel', 'Elmshornerstr. 125', 'Neuss', '41469', 'Deutschland', NULL),
(33, 'Falter', 'Walter', 'Hauptstrasse 82', 'Neu-Ulm', '89231', 'Deutschland', NULL),
(34, 'Suleiman', 'Said', 'Schweizer Allee 452', 'Oberstorf', '87561', 'Deutschland', NULL),
(35, 'Wilnsdorf', 'Rudolf', 'Am Krongut 12', 'Potsdam', '14469', 'Deutschland', NULL),
(36, 'Sott', 'Martin', 'Am Moosfenn 43', 'Potsdam', '14478', 'Deutschland', NULL),
(37, 'Goldmann', 'Frank', 'Talstrasse 18', 'Ratingen', '40885', 'Deutschland', NULL),
(38, 'Kahn', 'Robert', 'Henry-Ford-Strasse 1', 'Reutlingen', '72770', 'Deutschland', NULL),
(39, 'Moran', 'Herbert', 'Obere Berstrasse 193', 'Soltau', '29614', 'Deutschland', NULL),
(40, 'Seifferd', 'Konrad', 'Merlistrasse 41', 'Stuttgart', '70567', 'Deutschland', NULL),
(41, 'Schulz', 'Heike', 'Heiligendamm 13', 'Trier', '54295', 'Deutschland', NULL),
(42, 'Fischer', 'Maximilian', 'Große Sandkaul 72', 'Troisdorf', '53842', 'Deutschland', NULL),
(43, 'Massi', 'Andrea', 'Kleinstrasse 11', 'Winterberg', '59955', 'Deutschland', NULL),
(44, 'Ochsenknecht', 'Ludwig', 'Hauptstrasse 87', 'Wolfsburg', '38424', 'Deutschland', NULL),
(45, 'Hicks', 'Richard', 'Oyi Keilasatama 21', 'Espoo', '02150', 'Finnland', '1991-06-21'),
(46, 'Thomas', 'Erika', 'Tapulikuja 56', 'Forssa', '30100', 'Finnland', '1974-03-30'),
(47, 'Müller', 'Paul', 'John Stenbergin Ranta 112', 'Helsinki', '00530', 'Finnland', NULL),
(48, 'Pisa', 'Terri', 'P.O. Box 113', 'Helsinki', '00531', 'Finnland', NULL),
(49, 'Schnettler', 'Susanne', 'Koneenkatu 76', 'Hyvinkää', '05801', 'Finnland', NULL),
(50, 'Sieper', 'Herbert', 'Kiviharjuntie 198', 'Oulu', '90220', 'Finnland', NULL),
(51, 'Nieminen', 'Lilja', 'P.O. Box 416', 'Vaasa', '65101', 'Finnland', NULL),
(52, 'Mäkinen', 'Viivi', 'Spoordreef 87', 'Almere', '1315', 'Niederlande', '1971-08-17'),
(53, 'Koskinen', 'Jari', 'Noordgeest 21', 'Bergen op Zoom', '4600', 'Niederlande', '1987-05-08'),
(54, 'Laine', 'Jalo', 'Vlamingstraat 3', 'Delft', '2611', 'Niederlande', NULL),
(55, 'Mäkelä', 'Elsa', 'Nieuwe Kade 18', 'Grou', '9001', 'Niederlande', NULL),
(56, 'Smits', 'Isa', 'Slachtedijk 71', 'Joure', '8501', 'Niederlande', NULL),
(57, 'Koster', 'Sanne', 'Bedafseweg 108', 'Uden', '5406', 'Niederlande', NULL),
(58, 'Driessen', 'Jayden', 'Kaldenkerkweg 56', 'Venlo', '5913', 'Niederlande', NULL),
(59, 'de Graaf', 'Levi', 'Hengelder Straat 6', 'Zevenaar', '6900', 'Niederlande', NULL),
(60, 'Hoekstra', 'Ruben', 'Murielstrasse 47', 'Klagenfurt', '9020', 'Österreich', '1970-01-21'),
(61, 'Molenaar', 'Thijs', 'Bischofstrasse 139', 'Lienz', '9900', 'Österreich', '1962-08-09'),
(62, 'Carthers', 'Thilo', 'Seestrasse 59', 'Bregenz', '6900', 'Österreich', NULL),
(63, 'Mittelmann', 'Cornelia', 'Walstrasse 124', 'Bregenz', '6900', 'Österreich', NULL),
(64, 'Hansmair', 'Rita', 'König-Edward-Platz 3', 'Graz', '8020', 'Österreich', NULL),
(65, 'Linden', 'Bert', 'Kronprinz-Karl-Allee 22', 'Graz', '8020', 'Österreich', NULL),
(66, 'Gant', 'Eugen', 'Breitestrasse 51', 'Innsbruck', '6020', 'Österreich', NULL),
(67, 'Langl', 'Alois', 'Kirchweg 56', 'Linz', '4020', 'Österreich', NULL),
(68, 'Fiocchi', 'Belinda', 'Mozartstrasse 101', 'Salzburg', '5020', 'Österreich', NULL),
(69, 'Dunker', 'Johannes', 'Schäferweg 31', 'Salzburg', '5020', 'Österreich', NULL),
(70, 'Fescher', 'Robert', 'Europaring 12', 'Villach', '9500', 'Österreich', NULL),
(71, 'Müller', 'Thomas', 'Lorenzgasse 17', 'Villach', '9500', 'Österreich', NULL),
(72, 'Hart', 'Amanda', 'Innerer Ring 112', 'Wien', '1020', 'Österreich', NULL),
(73, 'Haffermann', 'Karl', 'Am Neuen Bruch 31', 'Wien', '1180', 'Österreich', NULL),
(74, 'Günzl', 'Regin', 'Atlantikallee 113', 'Wien', '1180', 'Österreich', NULL),
(75, 'Orr', 'Andreas', 'Hohenzollernring 102', 'Wien', '1050', 'Österreich', NULL);

-- --------------------------------------------------------

--
-- Tabellenstruktur für Tabelle `personal`
--

CREATE TABLE `personal` (
  `id_personal` int(11) NOT NULL,
  `ma_nachname` varchar(20) DEFAULT NULL,
  `ma_vorname` varchar(20) DEFAULT NULL
) ENGINE=InnoDB DEFAULT CHARSET=utf8mb4 COLLATE=utf8mb4_general_ci;

-- --------------------------------------------------------

--
-- Tabellenstruktur für Tabelle `preisgruppe`
--

CREATE TABLE `preisgruppe` (
  `preisgruppe_id` int(11) NOT NULL,
  `preis_pro_Stunde` double DEFAULT NULL,
  `preis_pro_KM` double DEFAULT NULL,
  `preis_pro_tag` double DEFAULT NULL
) ENGINE=InnoDB DEFAULT CHARSET=utf8mb4 COLLATE=utf8mb4_general_ci;

--
-- Daten für Tabelle `preisgruppe`
--

INSERT INTO `preisgruppe` (`preisgruppe_id`, `preis_pro_Stunde`, `preis_pro_KM`, `preis_pro_tag`) VALUES
(1, NULL, 0.48, 24),
(2, NULL, 1, 50),
(3, NULL, 1.64, 82),
(4, NULL, 1.1, 55),
(5, NULL, 1.3, 65),
(6, NULL, 0.22, 5),
(7, NULL, 6.54, 105),
(8, NULL, 0.7, 35),
(9, NULL, 0.8, 40),
(10, NULL, 1.2, 60),
(11, NULL, 1.5, 75),
(12, NULL, 1.6, 80);

-- --------------------------------------------------------

--
-- Tabellenstruktur für Tabelle `rechnung`
--

CREATE TABLE `rechnung` (
  `rechnungs_id` int(11) NOT NULL,
  `ausleihdatum` date DEFAULT NULL,
  `rueckgabedatum` date DEFAULT NULL,
  `anfangs_km` int(11) DEFAULT NULL,
  `ende_km` int(11) DEFAULT NULL,
  `gefahrene_km` int(11) DEFAULT NULL,
  `preisgruppe_id` int(11) DEFAULT NULL,
  `kunden_id` int(11) DEFAULT NULL,
  `personal_id` int(11) DEFAULT NULL,
  `id_auto` int(11) DEFAULT NULL
) ENGINE=InnoDB DEFAULT CHARSET=utf8mb4 COLLATE=utf8mb4_general_ci;

--
-- Indizes der exportierten Tabellen
--

--
-- Indizes für die Tabelle `auto`
--
ALTER TABLE `auto`
  ADD PRIMARY KEY (`id_auto`),
  ADD KEY `preisgruppe_id` (`preisgruppe_id`);

--
-- Indizes für die Tabelle `kunde`
--
ALTER TABLE `kunde`
  ADD PRIMARY KEY (`Kundennummer`);

--
-- Indizes für die Tabelle `personal`
--
ALTER TABLE `personal`
  ADD PRIMARY KEY (`id_personal`);

--
-- Indizes für die Tabelle `preisgruppe`
--
ALTER TABLE `preisgruppe`
  ADD PRIMARY KEY (`preisgruppe_id`);

--
-- Indizes für die Tabelle `rechnung`
--
ALTER TABLE `rechnung`
  ADD PRIMARY KEY (`rechnungs_id`),
  ADD KEY `preisgruppe_id` (`preisgruppe_id`),
  ADD KEY `kunden_id` (`kunden_id`),
  ADD KEY `personal_id` (`personal_id`),
  ADD KEY `id_auto` (`id_auto`);

--
-- Constraints der exportierten Tabellen
--

--
-- Constraints der Tabelle `auto`
--
ALTER TABLE `auto`
  ADD CONSTRAINT `auto_ibfk_1` FOREIGN KEY (`preisgruppe_id`) REFERENCES `preisgruppe` (`preisgruppe_id`);

--
-- Constraints der Tabelle `rechnung`
--
ALTER TABLE `rechnung`
  ADD CONSTRAINT `rechnung_ibfk_1` FOREIGN KEY (`preisgruppe_id`) REFERENCES `preisgruppe` (`preisgruppe_id`),
  ADD CONSTRAINT `rechnung_ibfk_2` FOREIGN KEY (`kunden_id`) REFERENCES `kunde` (`Kundennummer`),
  ADD CONSTRAINT `rechnung_ibfk_3` FOREIGN KEY (`personal_id`) REFERENCES `personal` (`id_personal`),
  ADD CONSTRAINT `rechnung_ibfk_4` FOREIGN KEY (`id_auto`) REFERENCES `auto` (`id_auto`);
--
-- Datenbank: `phpmyadmin`
--
CREATE DATABASE IF NOT EXISTS `phpmyadmin` DEFAULT CHARACTER SET utf8 COLLATE utf8_bin;
USE `phpmyadmin`;

-- --------------------------------------------------------

--
-- Tabellenstruktur für Tabelle `pma__bookmark`
--

CREATE TABLE `pma__bookmark` (
  `id` int(10) UNSIGNED NOT NULL,
  `dbase` varchar(255) NOT NULL DEFAULT '',
  `user` varchar(255) NOT NULL DEFAULT '',
  `label` varchar(255) CHARACTER SET utf8 COLLATE utf8_general_ci NOT NULL DEFAULT '',
  `query` text NOT NULL
) ENGINE=InnoDB DEFAULT CHARSET=utf8 COLLATE=utf8_bin COMMENT='Bookmarks';

-- --------------------------------------------------------

--
-- Tabellenstruktur für Tabelle `pma__central_columns`
--

CREATE TABLE `pma__central_columns` (
  `db_name` varchar(64) NOT NULL,
  `col_name` varchar(64) NOT NULL,
  `col_type` varchar(64) NOT NULL,
  `col_length` text DEFAULT NULL,
  `col_collation` varchar(64) NOT NULL,
  `col_isNull` tinyint(1) NOT NULL,
  `col_extra` varchar(255) DEFAULT '',
  `col_default` text DEFAULT NULL
) ENGINE=InnoDB DEFAULT CHARSET=utf8 COLLATE=utf8_bin COMMENT='Central list of columns';

-- --------------------------------------------------------

--
-- Tabellenstruktur für Tabelle `pma__column_info`
--

CREATE TABLE `pma__column_info` (
  `id` int(5) UNSIGNED NOT NULL,
  `db_name` varchar(64) NOT NULL DEFAULT '',
  `table_name` varchar(64) NOT NULL DEFAULT '',
  `column_name` varchar(64) NOT NULL DEFAULT '',
  `comment` varchar(255) CHARACTER SET utf8 COLLATE utf8_general_ci NOT NULL DEFAULT '',
  `mimetype` varchar(255) CHARACTER SET utf8 COLLATE utf8_general_ci NOT NULL DEFAULT '',
  `transformation` varchar(255) NOT NULL DEFAULT '',
  `transformation_options` varchar(255) NOT NULL DEFAULT '',
  `input_transformation` varchar(255) NOT NULL DEFAULT '',
  `input_transformation_options` varchar(255) NOT NULL DEFAULT ''
) ENGINE=InnoDB DEFAULT CHARSET=utf8 COLLATE=utf8_bin COMMENT='Column information for phpMyAdmin';

-- --------------------------------------------------------

--
-- Tabellenstruktur für Tabelle `pma__designer_settings`
--

CREATE TABLE `pma__designer_settings` (
  `username` varchar(64) NOT NULL,
  `settings_data` text NOT NULL
) ENGINE=InnoDB DEFAULT CHARSET=utf8 COLLATE=utf8_bin COMMENT='Settings related to Designer';

--
-- Daten für Tabelle `pma__designer_settings`
--

INSERT INTO `pma__designer_settings` (`username`, `settings_data`) VALUES
('root', '{\"angular_direct\":\"direct\",\"snap_to_grid\":\"off\",\"relation_lines\":\"true\"}');

-- --------------------------------------------------------

--
-- Tabellenstruktur für Tabelle `pma__export_templates`
--

CREATE TABLE `pma__export_templates` (
  `id` int(5) UNSIGNED NOT NULL,
  `username` varchar(64) NOT NULL,
  `export_type` varchar(10) NOT NULL,
  `template_name` varchar(64) NOT NULL,
  `template_data` text NOT NULL
) ENGINE=InnoDB DEFAULT CHARSET=utf8 COLLATE=utf8_bin COMMENT='Saved export templates';

-- --------------------------------------------------------

--
-- Tabellenstruktur für Tabelle `pma__favorite`
--

CREATE TABLE `pma__favorite` (
  `username` varchar(64) NOT NULL,
  `tables` text NOT NULL
) ENGINE=InnoDB DEFAULT CHARSET=utf8 COLLATE=utf8_bin COMMENT='Favorite tables';

-- --------------------------------------------------------

--
-- Tabellenstruktur für Tabelle `pma__history`
--

CREATE TABLE `pma__history` (
  `id` bigint(20) UNSIGNED NOT NULL,
  `username` varchar(64) NOT NULL DEFAULT '',
  `db` varchar(64) NOT NULL DEFAULT '',
  `table` varchar(64) NOT NULL DEFAULT '',
  `timevalue` timestamp NOT NULL DEFAULT current_timestamp(),
  `sqlquery` text NOT NULL
) ENGINE=InnoDB DEFAULT CHARSET=utf8 COLLATE=utf8_bin COMMENT='SQL history for phpMyAdmin';

-- --------------------------------------------------------

--
-- Tabellenstruktur für Tabelle `pma__navigationhiding`
--

CREATE TABLE `pma__navigationhiding` (
  `username` varchar(64) NOT NULL,
  `item_name` varchar(64) NOT NULL,
  `item_type` varchar(64) NOT NULL,
  `db_name` varchar(64) NOT NULL,
  `table_name` varchar(64) NOT NULL
) ENGINE=InnoDB DEFAULT CHARSET=utf8 COLLATE=utf8_bin COMMENT='Hidden items of navigation tree';

-- --------------------------------------------------------

--
-- Tabellenstruktur für Tabelle `pma__pdf_pages`
--

CREATE TABLE `pma__pdf_pages` (
  `db_name` varchar(64) NOT NULL DEFAULT '',
  `page_nr` int(10) UNSIGNED NOT NULL,
  `page_descr` varchar(50) CHARACTER SET utf8 COLLATE utf8_general_ci NOT NULL DEFAULT ''
) ENGINE=InnoDB DEFAULT CHARSET=utf8 COLLATE=utf8_bin COMMENT='PDF relation pages for phpMyAdmin';

-- --------------------------------------------------------

--
-- Tabellenstruktur für Tabelle `pma__recent`
--

CREATE TABLE `pma__recent` (
  `username` varchar(64) NOT NULL,
  `tables` text NOT NULL
) ENGINE=InnoDB DEFAULT CHARSET=utf8 COLLATE=utf8_bin COMMENT='Recently accessed tables';

--
-- Daten für Tabelle `pma__recent`
--

INSERT INTO `pma__recent` (`username`, `tables`) VALUES
('root', '[{\"db\":\"shopsystem\",\"table\":\"product\"},{\"db\":\"shopsystem\",\"table\":\"produkte\"},{\"db\":\"shopsystem\",\"table\":\"laender\"},{\"db\":\"lf8.3\",\"table\":\"kunde\"},{\"db\":\"cps_system\",\"table\":\"zugriffe\"},{\"db\":\"cps_system\",\"table\":\"berechtigungen\"},{\"db\":\"cps_system\",\"table\":\"sensor_daten\"},{\"db\":\"cps_system\",\"table\":\"zustand\"},{\"db\":\"verkauf\",\"table\":\"person\"}]');

-- --------------------------------------------------------

--
-- Tabellenstruktur für Tabelle `pma__relation`
--

CREATE TABLE `pma__relation` (
  `master_db` varchar(64) NOT NULL DEFAULT '',
  `master_table` varchar(64) NOT NULL DEFAULT '',
  `master_field` varchar(64) NOT NULL DEFAULT '',
  `foreign_db` varchar(64) NOT NULL DEFAULT '',
  `foreign_table` varchar(64) NOT NULL DEFAULT '',
  `foreign_field` varchar(64) NOT NULL DEFAULT ''
) ENGINE=InnoDB DEFAULT CHARSET=utf8 COLLATE=utf8_bin COMMENT='Relation table';

-- --------------------------------------------------------

--
-- Tabellenstruktur für Tabelle `pma__savedsearches`
--

CREATE TABLE `pma__savedsearches` (
  `id` int(5) UNSIGNED NOT NULL,
  `username` varchar(64) NOT NULL DEFAULT '',
  `db_name` varchar(64) NOT NULL DEFAULT '',
  `search_name` varchar(64) NOT NULL DEFAULT '',
  `search_data` text NOT NULL
) ENGINE=InnoDB DEFAULT CHARSET=utf8 COLLATE=utf8_bin COMMENT='Saved searches';

-- --------------------------------------------------------

--
-- Tabellenstruktur für Tabelle `pma__table_coords`
--

CREATE TABLE `pma__table_coords` (
  `db_name` varchar(64) NOT NULL DEFAULT '',
  `table_name` varchar(64) NOT NULL DEFAULT '',
  `pdf_page_number` int(11) NOT NULL DEFAULT 0,
  `x` float UNSIGNED NOT NULL DEFAULT 0,
  `y` float UNSIGNED NOT NULL DEFAULT 0
) ENGINE=InnoDB DEFAULT CHARSET=utf8 COLLATE=utf8_bin COMMENT='Table coordinates for phpMyAdmin PDF output';

-- --------------------------------------------------------

--
-- Tabellenstruktur für Tabelle `pma__table_info`
--

CREATE TABLE `pma__table_info` (
  `db_name` varchar(64) NOT NULL DEFAULT '',
  `table_name` varchar(64) NOT NULL DEFAULT '',
  `display_field` varchar(64) NOT NULL DEFAULT ''
) ENGINE=InnoDB DEFAULT CHARSET=utf8 COLLATE=utf8_bin COMMENT='Table information for phpMyAdmin';

-- --------------------------------------------------------

--
-- Tabellenstruktur für Tabelle `pma__table_uiprefs`
--

CREATE TABLE `pma__table_uiprefs` (
  `username` varchar(64) NOT NULL,
  `db_name` varchar(64) NOT NULL,
  `table_name` varchar(64) NOT NULL,
  `prefs` text NOT NULL,
  `last_update` timestamp NOT NULL DEFAULT current_timestamp() ON UPDATE current_timestamp()
) ENGINE=InnoDB DEFAULT CHARSET=utf8 COLLATE=utf8_bin COMMENT='Tables'' UI preferences';

-- --------------------------------------------------------

--
-- Tabellenstruktur für Tabelle `pma__tracking`
--

CREATE TABLE `pma__tracking` (
  `db_name` varchar(64) NOT NULL,
  `table_name` varchar(64) NOT NULL,
  `version` int(10) UNSIGNED NOT NULL,
  `date_created` datetime NOT NULL,
  `date_updated` datetime NOT NULL,
  `schema_snapshot` text NOT NULL,
  `schema_sql` text DEFAULT NULL,
  `data_sql` longtext DEFAULT NULL,
  `tracking` set('UPDATE','REPLACE','INSERT','DELETE','TRUNCATE','CREATE DATABASE','ALTER DATABASE','DROP DATABASE','CREATE TABLE','ALTER TABLE','RENAME TABLE','DROP TABLE','CREATE INDEX','DROP INDEX','CREATE VIEW','ALTER VIEW','DROP VIEW') DEFAULT NULL,
  `tracking_active` int(1) UNSIGNED NOT NULL DEFAULT 1
) ENGINE=InnoDB DEFAULT CHARSET=utf8 COLLATE=utf8_bin COMMENT='Database changes tracking for phpMyAdmin';

-- --------------------------------------------------------

--
-- Tabellenstruktur für Tabelle `pma__userconfig`
--

CREATE TABLE `pma__userconfig` (
  `username` varchar(64) NOT NULL,
  `timevalue` timestamp NOT NULL DEFAULT current_timestamp() ON UPDATE current_timestamp(),
  `config_data` text NOT NULL
) ENGINE=InnoDB DEFAULT CHARSET=utf8 COLLATE=utf8_bin COMMENT='User preferences storage for phpMyAdmin';

--
-- Daten für Tabelle `pma__userconfig`
--

INSERT INTO `pma__userconfig` (`username`, `timevalue`, `config_data`) VALUES
('root', '2024-10-07 06:19:30', '{\"Console\\/Mode\":\"show\",\"Server\\/hide_db\":\"\",\"Server\\/only_db\":\"\",\"lang\":\"de\",\"Console\\/Height\":122.97900000000001}');

-- --------------------------------------------------------

--
-- Tabellenstruktur für Tabelle `pma__usergroups`
--

CREATE TABLE `pma__usergroups` (
  `usergroup` varchar(64) NOT NULL,
  `tab` varchar(64) NOT NULL,
  `allowed` enum('Y','N') NOT NULL DEFAULT 'N'
) ENGINE=InnoDB DEFAULT CHARSET=utf8 COLLATE=utf8_bin COMMENT='User groups with configured menu items';

-- --------------------------------------------------------

--
-- Tabellenstruktur für Tabelle `pma__users`
--

CREATE TABLE `pma__users` (
  `username` varchar(64) NOT NULL,
  `usergroup` varchar(64) NOT NULL
) ENGINE=InnoDB DEFAULT CHARSET=utf8 COLLATE=utf8_bin COMMENT='Users and their assignments to user groups';

--
-- Daten für Tabelle `pma__users`
--

INSERT INTO `pma__users` (`username`, `usergroup`) VALUES
('power_user', '');

--
-- Indizes der exportierten Tabellen
--

--
-- Indizes für die Tabelle `pma__bookmark`
--
ALTER TABLE `pma__bookmark`
  ADD PRIMARY KEY (`id`);

--
-- Indizes für die Tabelle `pma__central_columns`
--
ALTER TABLE `pma__central_columns`
  ADD PRIMARY KEY (`db_name`,`col_name`);

--
-- Indizes für die Tabelle `pma__column_info`
--
ALTER TABLE `pma__column_info`
  ADD PRIMARY KEY (`id`),
  ADD UNIQUE KEY `db_name` (`db_name`,`table_name`,`column_name`);

--
-- Indizes für die Tabelle `pma__designer_settings`
--
ALTER TABLE `pma__designer_settings`
  ADD PRIMARY KEY (`username`);

--
-- Indizes für die Tabelle `pma__export_templates`
--
ALTER TABLE `pma__export_templates`
  ADD PRIMARY KEY (`id`),
  ADD UNIQUE KEY `u_user_type_template` (`username`,`export_type`,`template_name`);

--
-- Indizes für die Tabelle `pma__favorite`
--
ALTER TABLE `pma__favorite`
  ADD PRIMARY KEY (`username`);

--
-- Indizes für die Tabelle `pma__history`
--
ALTER TABLE `pma__history`
  ADD PRIMARY KEY (`id`),
  ADD KEY `username` (`username`,`db`,`table`,`timevalue`);

--
-- Indizes für die Tabelle `pma__navigationhiding`
--
ALTER TABLE `pma__navigationhiding`
  ADD PRIMARY KEY (`username`,`item_name`,`item_type`,`db_name`,`table_name`);

--
-- Indizes für die Tabelle `pma__pdf_pages`
--
ALTER TABLE `pma__pdf_pages`
  ADD PRIMARY KEY (`page_nr`),
  ADD KEY `db_name` (`db_name`);

--
-- Indizes für die Tabelle `pma__recent`
--
ALTER TABLE `pma__recent`
  ADD PRIMARY KEY (`username`);

--
-- Indizes für die Tabelle `pma__relation`
--
ALTER TABLE `pma__relation`
  ADD PRIMARY KEY (`master_db`,`master_table`,`master_field`),
  ADD KEY `foreign_field` (`foreign_db`,`foreign_table`);

--
-- Indizes für die Tabelle `pma__savedsearches`
--
ALTER TABLE `pma__savedsearches`
  ADD PRIMARY KEY (`id`),
  ADD UNIQUE KEY `u_savedsearches_username_dbname` (`username`,`db_name`,`search_name`);

--
-- Indizes für die Tabelle `pma__table_coords`
--
ALTER TABLE `pma__table_coords`
  ADD PRIMARY KEY (`db_name`,`table_name`,`pdf_page_number`);

--
-- Indizes für die Tabelle `pma__table_info`
--
ALTER TABLE `pma__table_info`
  ADD PRIMARY KEY (`db_name`,`table_name`);

--
-- Indizes für die Tabelle `pma__table_uiprefs`
--
ALTER TABLE `pma__table_uiprefs`
  ADD PRIMARY KEY (`username`,`db_name`,`table_name`);

--
-- Indizes für die Tabelle `pma__tracking`
--
ALTER TABLE `pma__tracking`
  ADD PRIMARY KEY (`db_name`,`table_name`,`version`);

--
-- Indizes für die Tabelle `pma__userconfig`
--
ALTER TABLE `pma__userconfig`
  ADD PRIMARY KEY (`username`);

--
-- Indizes für die Tabelle `pma__usergroups`
--
ALTER TABLE `pma__usergroups`
  ADD PRIMARY KEY (`usergroup`,`tab`,`allowed`);

--
-- Indizes für die Tabelle `pma__users`
--
ALTER TABLE `pma__users`
  ADD PRIMARY KEY (`username`,`usergroup`);

--
-- AUTO_INCREMENT für exportierte Tabellen
--

--
-- AUTO_INCREMENT für Tabelle `pma__bookmark`
--
ALTER TABLE `pma__bookmark`
  MODIFY `id` int(10) UNSIGNED NOT NULL AUTO_INCREMENT;

--
-- AUTO_INCREMENT für Tabelle `pma__column_info`
--
ALTER TABLE `pma__column_info`
  MODIFY `id` int(5) UNSIGNED NOT NULL AUTO_INCREMENT;

--
-- AUTO_INCREMENT für Tabelle `pma__export_templates`
--
ALTER TABLE `pma__export_templates`
  MODIFY `id` int(5) UNSIGNED NOT NULL AUTO_INCREMENT;

--
-- AUTO_INCREMENT für Tabelle `pma__history`
--
ALTER TABLE `pma__history`
  MODIFY `id` bigint(20) UNSIGNED NOT NULL AUTO_INCREMENT;

--
-- AUTO_INCREMENT für Tabelle `pma__pdf_pages`
--
ALTER TABLE `pma__pdf_pages`
  MODIFY `page_nr` int(10) UNSIGNED NOT NULL AUTO_INCREMENT;

--
-- AUTO_INCREMENT für Tabelle `pma__savedsearches`
--
ALTER TABLE `pma__savedsearches`
  MODIFY `id` int(5) UNSIGNED NOT NULL AUTO_INCREMENT;
--
-- Datenbank: `shopsystem`
--
CREATE DATABASE IF NOT EXISTS `shopsystem` DEFAULT CHARACTER SET utf8mb4 COLLATE utf8mb4_general_ci;
USE `shopsystem`;

-- --------------------------------------------------------

--
-- Tabellenstruktur für Tabelle `bestellung`
--

CREATE TABLE `bestellung` (
  `bestell_id` int(11) NOT NULL,
  `anzahl` int(11) NOT NULL,
  `gesamtpreis` double NOT NULL,
  `verkauefer_produkt_id` int(11) NOT NULL
) ENGINE=InnoDB DEFAULT CHARSET=utf8mb4 COLLATE=utf8mb4_general_ci;

--
-- Daten für Tabelle `bestellung`
--

INSERT INTO `bestellung` (`bestell_id`, `anzahl`, `gesamtpreis`, `verkauefer_produkt_id`) VALUES
(1, 2, 19.99, 1),
(2, 1, 9.99, 2);

-- --------------------------------------------------------

--
-- Tabellenstruktur für Tabelle `hersteller`
--

CREATE TABLE `hersteller` (
  `hersteller_id` int(11) NOT NULL,
  `hersteller_name` varchar(100) NOT NULL,
  `laender_id` int(11) NOT NULL
) ENGINE=InnoDB DEFAULT CHARSET=utf8mb4 COLLATE=utf8mb4_general_ci;

--
-- Daten für Tabelle `hersteller`
--

INSERT INTO `hersteller` (`hersteller_id`, `hersteller_name`, `laender_id`) VALUES
(1, 'Hersteller1', 1),
(2, 'Hersteller2', 2);

-- --------------------------------------------------------

--
-- Tabellenstruktur für Tabelle `kunde`
--

CREATE TABLE `kunde` (
  `kunden_id` int(11) NOT NULL,
  `vorname` varchar(50) NOT NULL,
  `nachname` varchar(50) NOT NULL,
  `strasse` varchar(50) NOT NULL,
  `hausnummer` varchar(50) NOT NULL,
  `email` varchar(50) NOT NULL,
  `ort_id` int(11) NOT NULL,
  `laender_id` int(11) NOT NULL,
  `password_id` int(11) NOT NULL,
  `geburtsdatum` date NOT NULL
) ENGINE=InnoDB DEFAULT CHARSET=utf8mb4 COLLATE=utf8mb4_general_ci;

--
-- Daten für Tabelle `kunde`
--

INSERT INTO `kunde` (`kunden_id`, `vorname`, `nachname`, `strasse`, `hausnummer`, `email`, `ort_id`, `laender_id`, `password_id`, `geburtsdatum`) VALUES
(1, 'Max', 'Mustermann', 'Musterstraße', '1', 'max@example.com', 1, 1, 1, '1980-01-01'),
(2, 'Anna', 'Schmidt', 'Beispielweg', '2', 'anna@example.com', 2, 2, 2, '1990-02-02');

-- --------------------------------------------------------

--
-- Tabellenstruktur für Tabelle `kundenbestellungen`
--

CREATE TABLE `kundenbestellungen` (
  `kunden_id` int(11) NOT NULL,
  `bestell_id` int(11) NOT NULL
) ENGINE=InnoDB DEFAULT CHARSET=utf8mb4 COLLATE=utf8mb4_general_ci;

-- --------------------------------------------------------

--
-- Tabellenstruktur für Tabelle `laender`
--

CREATE TABLE `laender` (
  `laender_id` int(11) NOT NULL,
  `land` varchar(100) NOT NULL
) ENGINE=InnoDB DEFAULT CHARSET=utf8mb4 COLLATE=utf8mb4_general_ci;

--
-- Daten für Tabelle `laender`
--

INSERT INTO `laender` (`laender_id`, `land`) VALUES
(1, 'Deutschland'),
(2, 'USA'),
(3, 'Frankreich');

-- --------------------------------------------------------

--
-- Tabellenstruktur für Tabelle `orte`
--

CREATE TABLE `orte` (
  `ort_id` int(11) NOT NULL,
  `plz` int(11) NOT NULL,
  `ort_name` varchar(100) NOT NULL
) ENGINE=InnoDB DEFAULT CHARSET=utf8mb4 COLLATE=utf8mb4_general_ci;

--
-- Daten für Tabelle `orte`
--

INSERT INTO `orte` (`ort_id`, `plz`, `ort_name`) VALUES
(1, 10115, 'Berlin'),
(2, 20095, 'Hamburg'),
(3, 60311, 'Frankfurt'),
(4, 1231, 'Habichtswald');

-- --------------------------------------------------------

--
-- Tabellenstruktur für Tabelle `passwort`
--

CREATE TABLE `passwort` (
  `password_id` int(11) NOT NULL,
  `pasword` varchar(100) DEFAULT NULL
) ENGINE=InnoDB DEFAULT CHARSET=utf8mb4 COLLATE=utf8mb4_general_ci;

--
-- Daten für Tabelle `passwort`
--

INSERT INTO `passwort` (`password_id`, `pasword`) VALUES
(1, 'password123'),
(2, 'qwertz456'),
(3, 'secret789'),
(4, '21313'),
(5, '21313'),
(6, '21313'),
(7, '21313'),
(8, '21313'),
(9, '21313'),
(10, '21313');

-- --------------------------------------------------------

--
-- Tabellenstruktur für Tabelle `product`
--

CREATE TABLE `product` (
  `produkt_id` int(11) NOT NULL,
  `produkt_name` varchar(100) NOT NULL,
  `preis` double NOT NULL,
  `hersteller_id` int(11) NOT NULL
) ENGINE=InnoDB DEFAULT CHARSET=utf8mb4 COLLATE=utf8mb4_general_ci;

--
-- Daten für Tabelle `product`
--

INSERT INTO `product` (`produkt_id`, `produkt_name`, `preis`, `hersteller_id`) VALUES
(1, 'Produkt A', 10.87, 1),
(2, 'Produkt B', 21, 2);

-- --------------------------------------------------------

--
-- Tabellenstruktur für Tabelle `verkauefer`
--

CREATE TABLE `verkauefer` (
  `verkauefer_id` int(11) NOT NULL,
  `name` varchar(50) NOT NULL,
  `strasse` varchar(50) NOT NULL,
  `hausnummer` varchar(5) NOT NULL,
  `email` varchar(50) NOT NULL,
  `ort_id` int(11) NOT NULL,
  `laender_id` int(11) NOT NULL,
  `password_id` int(11) NOT NULL
) ENGINE=InnoDB DEFAULT CHARSET=utf8mb4 COLLATE=utf8mb4_general_ci;

--
-- Daten für Tabelle `verkauefer`
--

INSERT INTO `verkauefer` (`verkauefer_id`, `name`, `strasse`, `hausnummer`, `email`, `ort_id`, `laender_id`, `password_id`) VALUES
(1, 'Verkauf GmbH', 'Hauptstraße', '3', 'verkauf@beispiel.de', 1, 1, 3),
(2, 'Tech AG', 'Technologiepark', '4', 'tech@beispiel.de', 2, 2, 1),
(3, 'Hente', 'Kotzstraße', '5', '213@tmail.com', 4, 1, 4),
(4, 'Hente', 'Kotzstraße', '5', '213@tmail.com', 4, 1, 5),
(5, 'Hente', 'Kotzstraße', '5', '213@tmail.com', 4, 1, 6),
(6, 'Hente', 'Kotzstraße', '5', '213@tmail.com', 4, 1, 7),
(7, 'Hente', 'Kotzstraße', '5', '213@tmail.com', 4, 1, 8),
(8, 'Hente', 'Kotzstraße', '5', '213@tmail.com', 4, 1, 9),
(9, 'Hente', 'Kotzstraße', '5', '213@tmail.com', 4, 1, 10);

-- --------------------------------------------------------

--
-- Tabellenstruktur für Tabelle `verkauefer_produkte`
--

CREATE TABLE `verkauefer_produkte` (
  `verkauefer_produkt_id` int(11) NOT NULL,
  `produkt_id` int(11) NOT NULL,
  `verkauefer_id` int(11) NOT NULL
) ENGINE=InnoDB DEFAULT CHARSET=utf8mb4 COLLATE=utf8mb4_general_ci;

--
-- Daten für Tabelle `verkauefer_produkte`
--

INSERT INTO `verkauefer_produkte` (`verkauefer_produkt_id`, `produkt_id`, `verkauefer_id`) VALUES
(1, 1, 1),
(2, 2, 2);

--
-- Indizes der exportierten Tabellen
--

--
-- Indizes für die Tabelle `bestellung`
--
ALTER TABLE `bestellung`
  ADD PRIMARY KEY (`bestell_id`,`verkauefer_produkt_id`),
  ADD KEY `verkauefer_produkt_id` (`verkauefer_produkt_id`);

--
-- Indizes für die Tabelle `hersteller`
--
ALTER TABLE `hersteller`
  ADD PRIMARY KEY (`hersteller_id`),
  ADD KEY `laender_id` (`laender_id`);

--
-- Indizes für die Tabelle `kunde`
--
ALTER TABLE `kunde`
  ADD PRIMARY KEY (`kunden_id`),
  ADD KEY `ort_id` (`ort_id`),
  ADD KEY `laender_id` (`laender_id`),
  ADD KEY `kunde_ibfk_3` (`password_id`);

--
-- Indizes für die Tabelle `kundenbestellungen`
--
ALTER TABLE `kundenbestellungen`
  ADD PRIMARY KEY (`kunden_id`,`bestell_id`),
  ADD KEY `bestell_id` (`bestell_id`);

--
-- Indizes für die Tabelle `laender`
--
ALTER TABLE `laender`
  ADD PRIMARY KEY (`laender_id`);

--
-- Indizes für die Tabelle `orte`
--
ALTER TABLE `orte`
  ADD PRIMARY KEY (`ort_id`);

--
-- Indizes für die Tabelle `passwort`
--
ALTER TABLE `passwort`
  ADD PRIMARY KEY (`password_id`);

--
-- Indizes für die Tabelle `product`
--
ALTER TABLE `product`
  ADD PRIMARY KEY (`produkt_id`),
  ADD KEY `product_ibfk_1` (`hersteller_id`);

--
-- Indizes für die Tabelle `verkauefer`
--
ALTER TABLE `verkauefer`
  ADD PRIMARY KEY (`verkauefer_id`),
  ADD KEY `ort_id` (`ort_id`),
  ADD KEY `laender_id` (`laender_id`),
  ADD KEY `verkauefer_ibfk_3` (`password_id`);

--
-- Indizes für die Tabelle `verkauefer_produkte`
--
ALTER TABLE `verkauefer_produkte`
  ADD PRIMARY KEY (`verkauefer_produkt_id`),
  ADD KEY `verkauefer_id` (`verkauefer_id`),
  ADD KEY `verkauefer_produkte_ibfk_1` (`produkt_id`);

--
-- AUTO_INCREMENT für exportierte Tabellen
--

--
-- AUTO_INCREMENT für Tabelle `bestellung`
--
ALTER TABLE `bestellung`
  MODIFY `bestell_id` int(11) NOT NULL AUTO_INCREMENT, AUTO_INCREMENT=3;

--
-- AUTO_INCREMENT für Tabelle `hersteller`
--
ALTER TABLE `hersteller`
  MODIFY `hersteller_id` int(11) NOT NULL AUTO_INCREMENT, AUTO_INCREMENT=3;

--
-- AUTO_INCREMENT für Tabelle `kunde`
--
ALTER TABLE `kunde`
  MODIFY `kunden_id` int(11) NOT NULL AUTO_INCREMENT, AUTO_INCREMENT=3;

--
-- AUTO_INCREMENT für Tabelle `laender`
--
ALTER TABLE `laender`
  MODIFY `laender_id` int(11) NOT NULL AUTO_INCREMENT, AUTO_INCREMENT=4;

--
-- AUTO_INCREMENT für Tabelle `orte`
--
ALTER TABLE `orte`
  MODIFY `ort_id` int(11) NOT NULL AUTO_INCREMENT, AUTO_INCREMENT=5;

--
-- AUTO_INCREMENT für Tabelle `passwort`
--
ALTER TABLE `passwort`
  MODIFY `password_id` int(11) NOT NULL AUTO_INCREMENT, AUTO_INCREMENT=11;

--
-- AUTO_INCREMENT für Tabelle `product`
--
ALTER TABLE `product`
  MODIFY `produkt_id` int(11) NOT NULL AUTO_INCREMENT, AUTO_INCREMENT=5;

--
-- AUTO_INCREMENT für Tabelle `verkauefer`
--
ALTER TABLE `verkauefer`
  MODIFY `verkauefer_id` int(11) NOT NULL AUTO_INCREMENT, AUTO_INCREMENT=10;

--
-- AUTO_INCREMENT für Tabelle `verkauefer_produkte`
--
ALTER TABLE `verkauefer_produkte`
  MODIFY `verkauefer_produkt_id` int(11) NOT NULL AUTO_INCREMENT, AUTO_INCREMENT=3;

--
-- Constraints der exportierten Tabellen
--

--
-- Constraints der Tabelle `bestellung`
--
ALTER TABLE `bestellung`
  ADD CONSTRAINT `bestellung_ibfk_1` FOREIGN KEY (`verkauefer_produkt_id`) REFERENCES `verkauefer_produkte` (`verkauefer_produkt_id`);

--
-- Constraints der Tabelle `hersteller`
--
ALTER TABLE `hersteller`
  ADD CONSTRAINT `hersteller_ibfk_1` FOREIGN KEY (`laender_id`) REFERENCES `laender` (`laender_id`);

--
-- Constraints der Tabelle `kunde`
--
ALTER TABLE `kunde`
  ADD CONSTRAINT `kunde_ibfk_1` FOREIGN KEY (`ort_id`) REFERENCES `orte` (`ort_id`),
  ADD CONSTRAINT `kunde_ibfk_2` FOREIGN KEY (`laender_id`) REFERENCES `laender` (`laender_id`),
  ADD CONSTRAINT `kunde_ibfk_3` FOREIGN KEY (`password_id`) REFERENCES `passwort` (`password_id`) ON DELETE CASCADE ON UPDATE CASCADE;

--
-- Constraints der Tabelle `kundenbestellungen`
--
ALTER TABLE `kundenbestellungen`
  ADD CONSTRAINT `kundenbestellungen_ibfk_1` FOREIGN KEY (`kunden_id`) REFERENCES `kunde` (`kunden_id`) ON UPDATE CASCADE,
  ADD CONSTRAINT `kundenbestellungen_ibfk_2` FOREIGN KEY (`bestell_id`) REFERENCES `bestellung` (`bestell_id`) ON DELETE CASCADE ON UPDATE CASCADE;

--
-- Constraints der Tabelle `product`
--
ALTER TABLE `product`
  ADD CONSTRAINT `product_ibfk_1` FOREIGN KEY (`hersteller_id`) REFERENCES `hersteller` (`hersteller_id`) ON DELETE CASCADE ON UPDATE CASCADE;

--
-- Constraints der Tabelle `verkauefer`
--
ALTER TABLE `verkauefer`
  ADD CONSTRAINT `verkauefer_ibfk_1` FOREIGN KEY (`ort_id`) REFERENCES `orte` (`ort_id`),
  ADD CONSTRAINT `verkauefer_ibfk_2` FOREIGN KEY (`laender_id`) REFERENCES `laender` (`laender_id`),
  ADD CONSTRAINT `verkauefer_ibfk_3` FOREIGN KEY (`password_id`) REFERENCES `passwort` (`password_id`) ON DELETE CASCADE ON UPDATE CASCADE;

--
-- Constraints der Tabelle `verkauefer_produkte`
--
ALTER TABLE `verkauefer_produkte`
  ADD CONSTRAINT `verkauefer_produkte_ibfk_1` FOREIGN KEY (`produkt_id`) REFERENCES `product` (`produkt_id`) ON DELETE CASCADE ON UPDATE CASCADE,
  ADD CONSTRAINT `verkauefer_produkte_ibfk_2` FOREIGN KEY (`verkauefer_id`) REFERENCES `verkauefer` (`verkauefer_id`) ON DELETE CASCADE;
--
-- Datenbank: `test`
--
CREATE DATABASE IF NOT EXISTS `test` DEFAULT CHARACTER SET latin1 COLLATE latin1_swedish_ci;
USE `test`;
--
-- Datenbank: `verkauf`
--
CREATE DATABASE IF NOT EXISTS `verkauf` DEFAULT CHARACTER SET utf8 COLLATE utf8_general_ci;
USE `verkauf`;

-- --------------------------------------------------------

--
-- Tabellenstruktur für Tabelle `artikel`
--

CREATE TABLE `artikel` (
  `artikelnummer` int(11) NOT NULL,
  `herstellernummer` int(11) NOT NULL,
  `artikelname` char(50) DEFAULT NULL,
  `preis` decimal(7,2) DEFAULT NULL
) ENGINE=InnoDB DEFAULT CHARSET=utf8 COLLATE=utf8_general_ci;

--
-- Daten für Tabelle `artikel`
--

INSERT INTO `artikel` (`artikelnummer`, `herstellernummer`, `artikelname`, `preis`) VALUES
(1, 10, 'Maus', 10.00),
(2, 10, 'Tastatur', 20.00),
(3, 50, 'Drucker', 300.00),
(4, 30, 'Festplatte', 400.00),
(5, 20, 'Monitor', 500.00);

-- --------------------------------------------------------

--
-- Tabellenstruktur für Tabelle `bestellung`
--

CREATE TABLE `bestellung` (
  `bestellnummer` int(11) NOT NULL,
  `artikelnummer` int(11) NOT NULL,
  `kundennummer` int(11) NOT NULL,
  `artikelanzahl` int(11) DEFAULT NULL,
  `bestellsumme` decimal(6,2) DEFAULT NULL
) ENGINE=InnoDB DEFAULT CHARSET=utf8 COLLATE=utf8_general_ci;

--
-- Daten für Tabelle `bestellung`
--

INSERT INTO `bestellung` (`bestellnummer`, `artikelnummer`, `kundennummer`, `artikelanzahl`, `bestellsumme`) VALUES
(1, 1, 4, 2, 20.00),
(2, 2, 1, 1, 20.00),
(3, 1, 2, 3, 30.00),
(4, 3, 3, 1, 300.00),
(5, 5, 5, 5, 2500.00);

-- --------------------------------------------------------

--
-- Tabellenstruktur für Tabelle `hersteller`
--

CREATE TABLE `hersteller` (
  `herstellernummer` int(11) NOT NULL,
  `herstellername` char(30) DEFAULT NULL,
  `land` char(30) DEFAULT NULL
) ENGINE=InnoDB DEFAULT CHARSET=utf8 COLLATE=utf8_general_ci;

--
-- Daten für Tabelle `hersteller`
--

INSERT INTO `hersteller` (`herstellernummer`, `herstellername`, `land`) VALUES
(10, 'Logitech', 'Schweiz'),
(20, 'SONY', 'Japan'),
(30, 'Maxtor', 'USA'),
(40, 'Medion', 'Deutschland'),
(50, 'Hewlett Packard', 'USA');

-- --------------------------------------------------------

--
-- Tabellenstruktur für Tabelle `kunde`
--

CREATE TABLE `kunde` (
  `Kundennummer` int(11) NOT NULL,
  `nachname` varchar(20) DEFAULT NULL,
  `vorname` varchar(20) DEFAULT NULL,
  `strasse` varchar(20) DEFAULT NULL,
  `ort` varchar(20) DEFAULT NULL,
  `plz` varchar(20) DEFAULT NULL,
  `land` varchar(20) DEFAULT NULL,
  `Geburtsdatum` date DEFAULT NULL
) ENGINE=InnoDB DEFAULT CHARSET=utf8 COLLATE=utf8_general_ci;

-- --------------------------------------------------------

--
-- Tabellenstruktur für Tabelle `person`
--

CREATE TABLE `person` (
  `personennummer` int(11) NOT NULL,
  `nachname` char(20) DEFAULT NULL,
  `vorname` char(20) DEFAULT NULL,
  `strasse` char(30) DEFAULT NULL,
  `ort` char(30) DEFAULT NULL,
  `plz` int(11) DEFAULT NULL,
  `land` char(20) DEFAULT NULL,
  `geburtsdatum` date DEFAULT NULL
) ENGINE=InnoDB DEFAULT CHARSET=utf8 COLLATE=utf8_general_ci;

--
-- Daten für Tabelle `person`
--

INSERT INTO `person` (`personennummer`, `nachname`, `vorname`, `strasse`, `ort`, `plz`, `land`, `geburtsdatum`) VALUES
(1, 'Blotzek', 'Ulrich', 'Großkopf 4', 'Arnsberg', 59823, 'Deutschland', '1960-10-05'),
(2, 'Schatter', 'Peter', 'Försterstrasse 56', 'Augsburg', 86179, 'Deutschland', '1980-01-01'),
(3, 'Wojack', 'Albert', 'Westendstrasse 92', 'Berlin', 12234, 'Deutschland', '1955-06-15'),
(4, 'Virtanen', 'Veera', 'Oyi Keilasatama 21', 'Espoo', 2150, 'Finnland', '1992-12-30'),
(5, 'Hämäläinen', 'Ahvo', 'Tapulikuja 56', 'Forssa', 30100, 'Finnland', '1977-04-23'),
(6, 'Huisman', 'Fenna', 'Spoordreef 87', 'Almere', 1315, 'Niederlande', '1971-08-17'),
(7, 'Prins', 'Lieke', 'Noordgeest 21', 'Bergen op Zoom', 4600, 'Niederlande', '1987-05-08'),
(8, 'David', 'Paula', 'Murielstrasse 47', 'Klagenfurt', 9020, 'Österreich', '1970-01-21'),
(9, 'Hardiff', 'Joseph', 'Bischofstrasse 139', 'Klagenfurt', 9200, 'Österreich', '1962-08-09');

-- --------------------------------------------------------

--
-- Stellvertreter-Struktur des Views `s1`
-- (Siehe unten für die tatsächliche Ansicht)
--
CREATE TABLE `s1` (
`Artikel` char(50)
,`Hersteller` char(30)
);

-- --------------------------------------------------------

--
-- Struktur des Views `s1`
--
DROP TABLE IF EXISTS `s1`;

CREATE ALGORITHM=UNDEFINED DEFINER=`root`@`localhost` SQL SECURITY DEFINER VIEW `s1`  AS SELECT `a`.`artikelname` AS `Artikel`, `h`.`herstellername` AS `Hersteller` FROM ((`artikel` `a` join `bestellung` `b` on(`b`.`artikelnummer` = `a`.`artikelnummer`)) join `hersteller` `h` on(`h`.`herstellernummer` = `a`.`herstellernummer`)) WHERE `h`.`herstellername` = 'Logitech' ;

--
-- Indizes der exportierten Tabellen
--

--
-- Indizes für die Tabelle `artikel`
--
ALTER TABLE `artikel`
  ADD PRIMARY KEY (`artikelnummer`),
  ADD KEY `artikelindex` (`artikelname`),
  ADD KEY `fk_artikel_hersteller1_idx` (`herstellernummer`);

--
-- Indizes für die Tabelle `bestellung`
--
ALTER TABLE `bestellung`
  ADD PRIMARY KEY (`bestellnummer`),
  ADD KEY `fk2` (`artikelnummer`),
  ADD KEY `fk3` (`kundennummer`);

--
-- Indizes für die Tabelle `hersteller`
--
ALTER TABLE `hersteller`
  ADD PRIMARY KEY (`herstellernummer`),
  ADD KEY `herstellerindex` (`herstellername`);

--
-- Indizes für die Tabelle `kunde`
--
ALTER TABLE `kunde`
  ADD PRIMARY KEY (`Kundennummer`);

--
-- Indizes für die Tabelle `person`
--
ALTER TABLE `person`
  ADD PRIMARY KEY (`personennummer`),
  ADD KEY `personenindex` (`nachname`);

--
-- AUTO_INCREMENT für exportierte Tabellen
--

--
-- AUTO_INCREMENT für Tabelle `bestellung`
--
ALTER TABLE `bestellung`
  MODIFY `bestellnummer` int(11) NOT NULL AUTO_INCREMENT, AUTO_INCREMENT=6;

--
-- Constraints der exportierten Tabellen
--

--
-- Constraints der Tabelle `artikel`
--
ALTER TABLE `artikel`
  ADD CONSTRAINT `fk1` FOREIGN KEY (`herstellernummer`) REFERENCES `hersteller` (`herstellernummer`) ON DELETE NO ACTION ON UPDATE NO ACTION;

--
-- Constraints der Tabelle `bestellung`
--
ALTER TABLE `bestellung`
  ADD CONSTRAINT `fk2` FOREIGN KEY (`artikelnummer`) REFERENCES `artikel` (`artikelnummer`) ON DELETE CASCADE,
  ADD CONSTRAINT `fk3` FOREIGN KEY (`kundennummer`) REFERENCES `person` (`personennummer`) ON DELETE CASCADE;
COMMIT;

/*!40101 SET CHARACTER_SET_CLIENT=@OLD_CHARACTER_SET_CLIENT */;
/*!40101 SET CHARACTER_SET_RESULTS=@OLD_CHARACTER_SET_RESULTS */;
/*!40101 SET COLLATION_CONNECTION=@OLD_COLLATION_CONNECTION */;
